label	vfbID	sourceName	sourceURI
VT000022_BJD_119D04_AE_01-sample_BJD005834-AlignedFlyBrain	VFB_00063241	Dickson_VT	http://flweb.janelia.org/cgi-bin/view_flew_imagery.cgi?line=VT000022
VT000108_BJD_116C03_AE_01-sample_BJD006013-AlignedFlyBrain	VFB_00063243	Dickson_VT	http://flweb.janelia.org/cgi-bin/view_flew_imagery.cgi?line=VT000108
VT000252_BJD_115B04_AE_01-sample_BJD003202-AlignedFlyBrain	VFB_00063245	Dickson_VT	http://flweb.janelia.org/cgi-bin/view_flew_imagery.cgi?line=VT000252
VT000254_BJD_123B11_AE_01-sample_BJD004902-AlignedFlyBrain	VFB_00063247	Dickson_VT	http://flweb.janelia.org/cgi-bin/view_flew_imagery.cgi?line=VT000254
VT000267_BJD_119D06_AE_01-sample_BJD006082-AlignedFlyBrain	VFB_00063250	Dickson_VT	http://flweb.janelia.org/cgi-bin/view_flew_imagery.cgi?line=VT000267
VT000269_BJD_115B05_AE_01-sample_BJD005829-AlignedFlyBrain	VFB_00063251	Dickson_VT	http://flweb.janelia.org/cgi-bin/view_flew_imagery.cgi?line=VT000269
VT000272_BJD_115B06_AE_01-sample_BJD005289-AlignedFlyBrain	VFB_00063253	Dickson_VT	http://flweb.janelia.org/cgi-bin/view_flew_imagery.cgi?line=VT000272
VT000347_BJD_119D07_AE_01-sample_BJD005828-AlignedFlyBrain	VFB_00063255	Dickson_VT	http://flweb.janelia.org/cgi-bin/view_flew_imagery.cgi?line=VT000347
VT000348_BJD_116C04_AE_01-sample_BJD007920-AlignedFlyBrain	VFB_00063257	Dickson_VT	http://flweb.janelia.org/cgi-bin/view_flew_imagery.cgi?line=VT000348
VT000351_BJD_103A12_AE_01-sample_BJD000689-AlignedFlyBrain	VFB_00063259	Dickson_VT	http://flweb.janelia.org/cgi-bin/view_flew_imagery.cgi?line=VT000351
VT000353_BJD_100A01_AE_01-sample_BJD003141-AlignedFlyBrain	VFB_00063261	Dickson_VT	http://flweb.janelia.org/cgi-bin/view_flew_imagery.cgi?line=VT000353
VT000355_BJD_100A02_AE_01-sample_BJD002904-AlignedFlyBrain	VFB_00063263	Dickson_VT	http://flweb.janelia.org/cgi-bin/view_flew_imagery.cgi?line=VT000355
VT000355_BJD_100A02_LC_21-sample_BJD007482-AlignedFlyBrain	VFB_00063265	Dickson_VT	http://flweb.janelia.org/cgi-bin/view_flew_imagery.cgi?line=VT000355
VT000357_BJD_100A03_AE_01-sample_BJD002717-AlignedFlyBrain	VFB_00063267	Dickson_VT	http://flweb.janelia.org/cgi-bin/view_flew_imagery.cgi?line=VT000357
VT000357_BJD_100A03_LC_21-sample_BJD009710-AlignedFlyBrain	VFB_00063269	Dickson_VT	http://flweb.janelia.org/cgi-bin/view_flew_imagery.cgi?line=VT000357
VT000360_BJD_116C05_AE_01-sample_BJD004298-AlignedFlyBrain	VFB_00063271	Dickson_VT	http://flweb.janelia.org/cgi-bin/view_flew_imagery.cgi?line=VT000360
VT000454_BJD_124F11_AE_01-sample_BJD004849-AlignedFlyBrain	VFB_00063273	Dickson_VT	http://flweb.janelia.org/cgi-bin/view_flew_imagery.cgi?line=VT000454
VT000455_BJD_100A04_AE_01-sample_BJD002719-AlignedFlyBrain	VFB_00063275	Dickson_VT	http://flweb.janelia.org/cgi-bin/view_flew_imagery.cgi?line=VT000455
VT000455_BJD_100A04_LC_21-sample_BJD009778-AlignedFlyBrain	VFB_00063277	Dickson_VT	http://flweb.janelia.org/cgi-bin/view_flew_imagery.cgi?line=VT000455
VT000456_BJD_112C09_AE_01-sample_BJD002187-AlignedFlyBrain	VFB_00063279	Dickson_VT	http://flweb.janelia.org/cgi-bin/view_flew_imagery.cgi?line=VT000456
VT000460_BJD_123B12_AE_01-sample_BJD004904-AlignedFlyBrain	VFB_00063281	Dickson_VT	http://flweb.janelia.org/cgi-bin/view_flew_imagery.cgi?line=VT000460
VT000605_BJD_116C06_AE_01-sample_BJD003322-AlignedFlyBrain	VFB_00063283	Dickson_VT	http://flweb.janelia.org/cgi-bin/view_flew_imagery.cgi?line=VT000605
VT000606_BJD_103B01_AE_01-sample_BJD001073-AlignedFlyBrain	VFB_00063285	Dickson_VT	http://flweb.janelia.org/cgi-bin/view_flew_imagery.cgi?line=VT000606
VT000607_BJD_103B02_AE_01-sample_BJD000691-AlignedFlyBrain	VFB_00063287	Dickson_VT	http://flweb.janelia.org/cgi-bin/view_flew_imagery.cgi?line=VT000607
VT000608_BJD_103B03_AE_01-sample_BJD000693-AlignedFlyBrain	VFB_00063289	Dickson_VT	http://flweb.janelia.org/cgi-bin/view_flew_imagery.cgi?line=VT000608
VT000611_BJD_116C07_AE_01-sample_BJD003324-AlignedFlyBrain	VFB_00063291	Dickson_VT	http://flweb.janelia.org/cgi-bin/view_flew_imagery.cgi?line=VT000611
VT000618_BJD_116C08_AE_01-sample_BJD003326-AlignedFlyBrain	VFB_00063293	Dickson_VT	http://flweb.janelia.org/cgi-bin/view_flew_imagery.cgi?line=VT000618
VT000624_BJD_103B04_AE_01-sample_BJD001076-AlignedFlyBrain	VFB_00063295	Dickson_VT	http://flweb.janelia.org/cgi-bin/view_flew_imagery.cgi?line=VT000624
VT000629_BJD_124F12_AE_01-sample_BJD005943-AlignedFlyBrain	VFB_00063297	Dickson_VT	http://flweb.janelia.org/cgi-bin/view_flew_imagery.cgi?line=VT000629
VT000688_BJD_109C10_AE_01-sample_BJD001610-AlignedFlyBrain	VFB_00063298	Dickson_VT	http://flweb.janelia.org/cgi-bin/view_flew_imagery.cgi?line=VT000688
VT000765_BJD_106C02_AE_01-sample_BJD008744-AlignedFlyBrain	VFB_00063300	Dickson_VT	http://flweb.janelia.org/cgi-bin/view_flew_imagery.cgi?line=VT000765
VT000767_BJD_119D08_AE_01-sample_BJD003680-AlignedFlyBrain	VFB_00063302	Dickson_VT	http://flweb.janelia.org/cgi-bin/view_flew_imagery.cgi?line=VT000767
VT000771_BJD_100A05_AE_01-sample_BJD002721-AlignedFlyBrain	VFB_00063304	Dickson_VT	http://flweb.janelia.org/cgi-bin/view_flew_imagery.cgi?line=VT000771
VT000772_BJD_106C03_AE_01-sample_BJD000964-AlignedFlyBrain	VFB_00063306	Dickson_VT	http://flweb.janelia.org/cgi-bin/view_flew_imagery.cgi?line=VT000772
VT000774_BJD_100A06_AE_01-sample_BJD000326-AlignedFlyBrain	VFB_00063308	Dickson_VT	http://flweb.janelia.org/cgi-bin/view_flew_imagery.cgi?line=VT000774
VT000775_BJD_112C10_AE_01-sample_BJD002189-AlignedFlyBrain	VFB_00063310	Dickson_VT	http://flweb.janelia.org/cgi-bin/view_flew_imagery.cgi?line=VT000775
VT000817_BJD_119D09_AE_01-sample_BJD004490-AlignedFlyBrain	VFB_00063313	Dickson_VT	http://flweb.janelia.org/cgi-bin/view_flew_imagery.cgi?line=VT000817
VT000831_BJD_119D10_AE_01-sample_BJD004488-AlignedFlyBrain	VFB_00063315	Dickson_VT	http://flweb.janelia.org/cgi-bin/view_flew_imagery.cgi?line=VT000831
VT000836_BJD_124G02_AE_01-sample_BJD004847-AlignedFlyBrain	VFB_00063317	Dickson_VT	http://flweb.janelia.org/cgi-bin/view_flew_imagery.cgi?line=VT000836
VT000837_BJD_106C04_AE_01-sample_BJD000966-AlignedFlyBrain	VFB_00063319	Dickson_VT	http://flweb.janelia.org/cgi-bin/view_flew_imagery.cgi?line=VT000837
VT000845_BJD_112C11_AE_01-sample_BJD003159-AlignedFlyBrain	VFB_00063321	Dickson_VT	http://flweb.janelia.org/cgi-bin/view_flew_imagery.cgi?line=VT000845
VT000849_BJD_116C11_AE_01-sample_BJD004284-AlignedFlyBrain	VFB_00063323	Dickson_VT	http://flweb.janelia.org/cgi-bin/view_flew_imagery.cgi?line=VT000849
VT000877_BJD_124G04_AE_01-sample_BJD004845-AlignedFlyBrain	VFB_00063325	Dickson_VT	http://flweb.janelia.org/cgi-bin/view_flew_imagery.cgi?line=VT000877
VT000926_BJD_100A07_AE_01-sample_BJD002723-AlignedFlyBrain	VFB_00063327	Dickson_VT	http://flweb.janelia.org/cgi-bin/view_flew_imagery.cgi?line=VT000926
VT000926_BJD_100A07_LC_21-sample_BJD007972-AlignedFlyBrain	VFB_00063329	Dickson_VT	http://flweb.janelia.org/cgi-bin/view_flew_imagery.cgi?line=VT000926
VT000927_BJD_119D11_AE_01-sample_BJD005824-AlignedFlyBrain	VFB_00063331	Dickson_VT	http://flweb.janelia.org/cgi-bin/view_flew_imagery.cgi?line=VT000927
VT001207_BJD_100A08_AE_01-sample_BJD002734-AlignedFlyBrain	VFB_00063333	Dickson_VT	http://flweb.janelia.org/cgi-bin/view_flew_imagery.cgi?line=VT001207
VT001207_BJD_100A08_LC_21-sample_BJD007145-AlignedFlyBrain	VFB_00063335	Dickson_VT	http://flweb.janelia.org/cgi-bin/view_flew_imagery.cgi?line=VT001207
VT001214_BJD_119D12_AE_01-sample_BJD003682-AlignedFlyBrain	VFB_00063337	Dickson_VT	http://flweb.janelia.org/cgi-bin/view_flew_imagery.cgi?line=VT001214
VT001424_BJD_112C12_AE_01-sample_BJD003161-AlignedFlyBrain	VFB_00063339	Dickson_VT	http://flweb.janelia.org/cgi-bin/view_flew_imagery.cgi?line=VT001424
VT001426_BJD_116C12_AE_01-sample_BJD003334-AlignedFlyBrain	VFB_00063341	Dickson_VT	http://flweb.janelia.org/cgi-bin/view_flew_imagery.cgi?line=VT001426
VT001484_BJD_109C12_AE_01-sample_BJD001614-AlignedFlyBrain	VFB_00063343	Dickson_VT	http://flweb.janelia.org/cgi-bin/view_flew_imagery.cgi?line=VT001484
VT001497_BJD_103B06_AE_01-sample_BJD010280-AlignedFlyBrain	VFB_00063345	Dickson_VT	http://flweb.janelia.org/cgi-bin/view_flew_imagery.cgi?line=VT001497
VT001592_BJD_119E01_AE_01-sample_BJD003690-AlignedFlyBrain	VFB_00063347	Dickson_VT	http://flweb.janelia.org/cgi-bin/view_flew_imagery.cgi?line=VT001592
VT001594_BJD_106C05_AE_01-sample_BJD007404-AlignedFlyBrain	VFB_00063349	Dickson_VT	http://flweb.janelia.org/cgi-bin/view_flew_imagery.cgi?line=VT001594
VT001595_BJD_124G06_AE_01-sample_BJD004604-AlignedFlyBrain	VFB_00063351	Dickson_VT	http://flweb.janelia.org/cgi-bin/view_flew_imagery.cgi?line=VT001595
VT001597_BJD_103B07_AE_01-sample_BJD000525-AlignedFlyBrain	VFB_00063353	Dickson_VT	http://flweb.janelia.org/cgi-bin/view_flew_imagery.cgi?line=VT001597
VT001599_BJD_124G07_AE_01-sample_BJD004912-AlignedFlyBrain	VFB_00063355	Dickson_VT	http://flweb.janelia.org/cgi-bin/view_flew_imagery.cgi?line=VT001599
VT001605_BJD_124G08_AE_01-sample_BJD004910-AlignedFlyBrain	VFB_00063357	Dickson_VT	http://flweb.janelia.org/cgi-bin/view_flew_imagery.cgi?line=VT001605
VT001606_BJD_103B08_AE_01-sample_BJD000527-AlignedFlyBrain	VFB_00063359	Dickson_VT	http://flweb.janelia.org/cgi-bin/view_flew_imagery.cgi?line=VT001606
VT001608_BJD_124G09_AE_01-sample_BJD004985-AlignedFlyBrain	VFB_00063361	Dickson_VT	http://flweb.janelia.org/cgi-bin/view_flew_imagery.cgi?line=VT001608
VT001609_BJD_116D01_AE_01-sample_BJD003332-AlignedFlyBrain	VFB_00063363	Dickson_VT	http://flweb.janelia.org/cgi-bin/view_flew_imagery.cgi?line=VT001609
VT001611_BJD_106C06_AE_01-sample_BJD006618-AlignedFlyBrain	VFB_00063365	Dickson_VT	http://flweb.janelia.org/cgi-bin/view_flew_imagery.cgi?line=VT001611
VT001615_BJD_109D01_AE_01-sample_BJD001617-AlignedFlyBrain	VFB_00063367	Dickson_VT	http://flweb.janelia.org/cgi-bin/view_flew_imagery.cgi?line=VT001615
VT001967_BJD_109D02_AE_01-sample_BJD001534-AlignedFlyBrain	VFB_00063369	Dickson_VT	http://flweb.janelia.org/cgi-bin/view_flew_imagery.cgi?line=VT001967
VT001971_BJD_106C07_AE_01-sample_BJD001160-AlignedFlyBrain	VFB_00063371	Dickson_VT	http://flweb.janelia.org/cgi-bin/view_flew_imagery.cgi?line=VT001971
VT001979_BJD_112D01_AE_01-sample_BJD003163-AlignedFlyBrain	VFB_00063373	Dickson_VT	http://flweb.janelia.org/cgi-bin/view_flew_imagery.cgi?line=VT001979
VT001980_BJD_109D03_AE_01-sample_BJD001536-AlignedFlyBrain	VFB_00063375	Dickson_VT	http://flweb.janelia.org/cgi-bin/view_flew_imagery.cgi?line=VT001980
VT001982_BJD_122D07_AE_01-sample_BJD003808-AlignedFlyBrain	VFB_00063377	Dickson_VT	http://flweb.janelia.org/cgi-bin/view_flew_imagery.cgi?line=VT001982
VT002012_BJD_116D02_AE_01-sample_BJD003330-AlignedFlyBrain	VFB_00063379	Dickson_VT	http://flweb.janelia.org/cgi-bin/view_flew_imagery.cgi?line=VT002012
VT002014_BJD_116D03_AE_01-sample_BJD003328-AlignedFlyBrain	VFB_00063381	Dickson_VT	http://flweb.janelia.org/cgi-bin/view_flew_imagery.cgi?line=VT002014
VT002015_BJD_112D02_AE_01-sample_BJD003165-AlignedFlyBrain	VFB_00063383	Dickson_VT	http://flweb.janelia.org/cgi-bin/view_flew_imagery.cgi?line=VT002015
VT002019_BJD_124G10_AE_01-sample_BJD005404-AlignedFlyBrain	VFB_00063385	Dickson_VT	http://flweb.janelia.org/cgi-bin/view_flew_imagery.cgi?line=VT002019
VT002021_BJD_103B09_AE_01-sample_BJD000695-AlignedFlyBrain	VFB_00063387	Dickson_VT	http://flweb.janelia.org/cgi-bin/view_flew_imagery.cgi?line=VT002021
VT002026_BJD_124G11_AE_01-sample_BJD006110-AlignedFlyBrain	VFB_00063389	Dickson_VT	http://flweb.janelia.org/cgi-bin/view_flew_imagery.cgi?line=VT002026
VT002031_BJD_112D03_AE_01-sample_BJD003173-AlignedFlyBrain	VFB_00063391	Dickson_VT	http://flweb.janelia.org/cgi-bin/view_flew_imagery.cgi?line=VT002031
VT002033_BJD_115B07_AE_01-sample_BJD003200-AlignedFlyBrain	VFB_00063393	Dickson_VT	http://flweb.janelia.org/cgi-bin/view_flew_imagery.cgi?line=VT002033
VT002041_BJD_100A09_AE_01-sample_BJD002732-AlignedFlyBrain	VFB_00063395	Dickson_VT	http://flweb.janelia.org/cgi-bin/view_flew_imagery.cgi?line=VT002041
VT002041_BJD_100A09_LC_21-sample_BJD009724-AlignedFlyBrain	VFB_00063397	Dickson_VT	http://flweb.janelia.org/cgi-bin/view_flew_imagery.cgi?line=VT002041
VT002042_BJD_103B10_AE_01-sample_BJD001080-AlignedFlyBrain	VFB_00063399	Dickson_VT	http://flweb.janelia.org/cgi-bin/view_flew_imagery.cgi?line=VT002042
VT002043_BJD_100A10_AE_01-sample_BJD002730-AlignedFlyBrain	VFB_00063401	Dickson_VT	http://flweb.janelia.org/cgi-bin/view_flew_imagery.cgi?line=VT002043
VT002043_BJD_100A10_LC_21-sample_BJD010600-AlignedFlyBrain	VFB_00063403	Dickson_VT	http://flweb.janelia.org/cgi-bin/view_flew_imagery.cgi?line=VT002043
VT002044_BJD_103B11_AE_01-sample_BJD000529-AlignedFlyBrain	VFB_00063405	Dickson_VT	http://flweb.janelia.org/cgi-bin/view_flew_imagery.cgi?line=VT002044
VT002045_BJD_103B12_AE_01-sample_BJD001082-AlignedFlyBrain	VFB_00063407	Dickson_VT	http://flweb.janelia.org/cgi-bin/view_flew_imagery.cgi?line=VT002045
VT002049_BJD_103C01_AE_01-sample_BJD000531-AlignedFlyBrain	VFB_00063409	Dickson_VT	http://flweb.janelia.org/cgi-bin/view_flew_imagery.cgi?line=VT002049
VT002050_BJD_124G12_AE_01-sample_BJD005408-AlignedFlyBrain	VFB_00063411	Dickson_VT	http://flweb.janelia.org/cgi-bin/view_flew_imagery.cgi?line=VT002050
VT002051_BJD_106C08_AE_01-sample_BJD001162-AlignedFlyBrain	VFB_00063413	Dickson_VT	http://flweb.janelia.org/cgi-bin/view_flew_imagery.cgi?line=VT002051
VT002055_BJD_103C02_AE_01-sample_BJD000533-AlignedFlyBrain	VFB_00063415	Dickson_VT	http://flweb.janelia.org/cgi-bin/view_flew_imagery.cgi?line=VT002055
VT002057_BJD_124H01_AE_01-sample_BJD004987-AlignedFlyBrain	VFB_00063417	Dickson_VT	http://flweb.janelia.org/cgi-bin/view_flew_imagery.cgi?line=VT002057
VT002061_BJD_116D04_AE_01-sample_BJD003284-AlignedFlyBrain	VFB_00063419	Dickson_VT	http://flweb.janelia.org/cgi-bin/view_flew_imagery.cgi?line=VT002061
VT002062_BJD_129B07_AE_01-sample_BJD004759-AlignedFlyBrain	VFB_00063421	Dickson_VT	http://flweb.janelia.org/cgi-bin/view_flew_imagery.cgi?line=VT002062
VT002063_BJD_116D05_AE_01-sample_BJD004277-AlignedFlyBrain	VFB_00063423	Dickson_VT	http://flweb.janelia.org/cgi-bin/view_flew_imagery.cgi?line=VT002063
VT002064_BJD_116D06_AE_01-sample_BJD005452-AlignedFlyBrain	VFB_00063425	Dickson_VT	http://flweb.janelia.org/cgi-bin/view_flew_imagery.cgi?line=VT002064
VT002072_BJD_106C09_AE_01-sample_BJD001163-AlignedFlyBrain	VFB_00063427	Dickson_VT	http://flweb.janelia.org/cgi-bin/view_flew_imagery.cgi?line=VT002072
VT002075_BJD_103C03_AE_01-sample_BJD000535-AlignedFlyBrain	VFB_00063429	Dickson_VT	http://flweb.janelia.org/cgi-bin/view_flew_imagery.cgi?line=VT002075
VT002077_BJD_119E02_AE_01-sample_BJD003688-AlignedFlyBrain	VFB_00063431	Dickson_VT	http://flweb.janelia.org/cgi-bin/view_flew_imagery.cgi?line=VT002077
VT002079_BJD_100A11_AE_01-sample_BJD002726-AlignedFlyBrain	VFB_00063433	Dickson_VT	http://flweb.janelia.org/cgi-bin/view_flew_imagery.cgi?line=VT002079
VT002080_BJD_106C10_AE_01-sample_BJD001165-AlignedFlyBrain	VFB_00063435	Dickson_VT	http://flweb.janelia.org/cgi-bin/view_flew_imagery.cgi?line=VT002080
VT002081_BJD_124H03_AE_01-sample_BJD004989-AlignedFlyBrain	VFB_00063437	Dickson_VT	http://flweb.janelia.org/cgi-bin/view_flew_imagery.cgi?line=VT002081
VT002209_BJD_103C04_AE_01-sample_BJD000537-AlignedFlyBrain	VFB_00063439	Dickson_VT	http://flweb.janelia.org/cgi-bin/view_flew_imagery.cgi?line=VT002209
VT002213_BJD_100A12_AE_01-sample_BJD003661-AlignedFlyBrain	VFB_00063441	Dickson_VT	http://flweb.janelia.org/cgi-bin/view_flew_imagery.cgi?line=VT002213
VT002214_BJD_106C11_AE_01-sample_BJD001167-AlignedFlyBrain	VFB_00063443	Dickson_VT	http://flweb.janelia.org/cgi-bin/view_flew_imagery.cgi?line=VT002214
VT002215_BJD_100B01_AE_01-sample_BJD000322-AlignedFlyBrain	VFB_00063445	Dickson_VT	http://flweb.janelia.org/cgi-bin/view_flew_imagery.cgi?line=VT002215
VT002216_BJD_106C12_AE_01-sample_BJD001169-AlignedFlyBrain	VFB_00063447	Dickson_VT	http://flweb.janelia.org/cgi-bin/view_flew_imagery.cgi?line=VT002216
VT002218_BJD_124H04_AE_01-sample_BJD005559-AlignedFlyBrain	VFB_00063449	Dickson_VT	http://flweb.janelia.org/cgi-bin/view_flew_imagery.cgi?line=VT002218
VT002223_BJD_106D01_AE_01-sample_BJD001171-AlignedFlyBrain	VFB_00063451	Dickson_VT	http://flweb.janelia.org/cgi-bin/view_flew_imagery.cgi?line=VT002223
VT002224_BJD_106D02_AE_01-sample_BJD001173-AlignedFlyBrain	VFB_00063453	Dickson_VT	http://flweb.janelia.org/cgi-bin/view_flew_imagery.cgi?line=VT002224
VT002225_BJD_116D07_AE_01-sample_BJD005455-AlignedFlyBrain	VFB_00063455	Dickson_VT	http://flweb.janelia.org/cgi-bin/view_flew_imagery.cgi?line=VT002225
VT002226_BJD_100B02_AE_01-sample_BJD002474-AlignedFlyBrain	VFB_00063457	Dickson_VT	http://flweb.janelia.org/cgi-bin/view_flew_imagery.cgi?line=VT002226
VT002226_BJD_100B02_LC_21-sample_BJD010611-AlignedFlyBrain	VFB_00063459	Dickson_VT	http://flweb.janelia.org/cgi-bin/view_flew_imagery.cgi?line=VT002226
VT002229_BJD_124H05_AE_01-sample_BJD004159-AlignedFlyBrain	VFB_00063461	Dickson_VT	http://flweb.janelia.org/cgi-bin/view_flew_imagery.cgi?line=VT002229
VT002286_BJD_129E07_AE_01-sample_BJD006028-AlignedFlyBrain	VFB_00063463	Dickson_VT	http://flweb.janelia.org/cgi-bin/view_flew_imagery.cgi?line=VT002286
VT002329_BJD_124A09_AE_01-sample_BJD004054-AlignedFlyBrain	VFB_00063465	Dickson_VT	http://flweb.janelia.org/cgi-bin/view_flew_imagery.cgi?line=VT002329
VT002408_BJD_109D04_AE_01-sample_BJD001538-AlignedFlyBrain	VFB_00063467	Dickson_VT	http://flweb.janelia.org/cgi-bin/view_flew_imagery.cgi?line=VT002408
VT002427_BJD_103C05_AE_01-sample_BJD001085-AlignedFlyBrain	VFB_00063469	Dickson_VT	http://flweb.janelia.org/cgi-bin/view_flew_imagery.cgi?line=VT002427
VT002435_BJD_103C06_AE_01-sample_BJD000539-AlignedFlyBrain	VFB_00063471	Dickson_VT	http://flweb.janelia.org/cgi-bin/view_flew_imagery.cgi?line=VT002435
VT002471_BJD_116D08_AE_01-sample_BJD003286-AlignedFlyBrain	VFB_00063473	Dickson_VT	http://flweb.janelia.org/cgi-bin/view_flew_imagery.cgi?line=VT002471
VT002479_BJD_103C07_AE_01-sample_BJD000490-AlignedFlyBrain	VFB_00063475	Dickson_VT	http://flweb.janelia.org/cgi-bin/view_flew_imagery.cgi?line=VT002479
VT002670_BJD_119E03_AE_01-sample_BJD004485-AlignedFlyBrain	VFB_00063477	Dickson_VT	http://flweb.janelia.org/cgi-bin/view_flew_imagery.cgi?line=VT002670
VT002692_BJD_109D05_AE_01-sample_BJD001540-AlignedFlyBrain	VFB_00063479	Dickson_VT	http://flweb.janelia.org/cgi-bin/view_flew_imagery.cgi?line=VT002692
VT002828_BJD_124H06_AE_01-sample_BJD004161-AlignedFlyBrain	VFB_00063481	Dickson_VT	http://flweb.janelia.org/cgi-bin/view_flew_imagery.cgi?line=VT002828
VT002834_BJD_100B03_AE_01-sample_BJD002478-AlignedFlyBrain	VFB_00063483	Dickson_VT	http://flweb.janelia.org/cgi-bin/view_flew_imagery.cgi?line=VT002834
VT002843_BJD_103C09_AE_01-sample_BJD000721-AlignedFlyBrain	VFB_00063485	Dickson_VT	http://flweb.janelia.org/cgi-bin/view_flew_imagery.cgi?line=VT002843
VT002847_BJD_129C09_AE_01-sample_BJD005324-AlignedFlyBrain	VFB_00063487	Dickson_VT	http://flweb.janelia.org/cgi-bin/view_flew_imagery.cgi?line=VT002847
VT002848_BJD_124H07_AE_01-sample_BJD006112-AlignedFlyBrain	VFB_00063489	Dickson_VT	http://flweb.janelia.org/cgi-bin/view_flew_imagery.cgi?line=VT002848
VT002851_BJD_106D03_AE_01-sample_BJD001204-AlignedFlyBrain	VFB_00063491	Dickson_VT	http://flweb.janelia.org/cgi-bin/view_flew_imagery.cgi?line=VT002851
VT002853_BJD_124H08_AE_01-sample_BJD004163-AlignedFlyBrain	VFB_00063493	Dickson_VT	http://flweb.janelia.org/cgi-bin/view_flew_imagery.cgi?line=VT002853
VT002854_BJD_103C10_AE_01-sample_BJD000982-AlignedFlyBrain	VFB_00063495	Dickson_VT	http://flweb.janelia.org/cgi-bin/view_flew_imagery.cgi?line=VT002854
VT002855_BJD_109D06_AE_01-sample_BJD001543-AlignedFlyBrain	VFB_00063497	Dickson_VT	http://flweb.janelia.org/cgi-bin/view_flew_imagery.cgi?line=VT002855
VT002856_BJD_124A10_AE_01-sample_BJD004842-AlignedFlyBrain	VFB_00063498	Dickson_VT	http://flweb.janelia.org/cgi-bin/view_flew_imagery.cgi?line=VT002856
VT002857_BJD_100B04_AE_01-sample_BJD002480-AlignedFlyBrain	VFB_00063500	Dickson_VT	http://flweb.janelia.org/cgi-bin/view_flew_imagery.cgi?line=VT002857
VT002857_BJD_100B04_LC_21-sample_BJD010354-AlignedFlyBrain	VFB_00063502	Dickson_VT	http://flweb.janelia.org/cgi-bin/view_flew_imagery.cgi?line=VT002857
VT002860_BJD_124H09_AE_01-sample_BJD004165-AlignedFlyBrain	VFB_00063504	Dickson_VT	http://flweb.janelia.org/cgi-bin/view_flew_imagery.cgi?line=VT002860
VT002963_BJD_109D07_AE_01-sample_BJD001545-AlignedFlyBrain	VFB_00063506	Dickson_VT	http://flweb.janelia.org/cgi-bin/view_flew_imagery.cgi?line=VT002963
VT003058_BJD_129E08_AE_01-sample_BJD006026-AlignedFlyBrain	VFB_00063508	Dickson_VT	http://flweb.janelia.org/cgi-bin/view_flew_imagery.cgi?line=VT003058
VT003155_BJD_129C10_AE_01-sample_BJD006243-AlignedFlyBrain	VFB_00063510	Dickson_VT	http://flweb.janelia.org/cgi-bin/view_flew_imagery.cgi?line=VT003155
VT003173_BJD_124A11_AE_01-sample_BJD004851-AlignedFlyBrain	VFB_00063512	Dickson_VT	http://flweb.janelia.org/cgi-bin/view_flew_imagery.cgi?line=VT003173
VT003228_BJD_106D05_AE_01-sample_BJD001209-AlignedFlyBrain	VFB_00063514	Dickson_VT	http://flweb.janelia.org/cgi-bin/view_flew_imagery.cgi?line=VT003228
VT003229_BJD_112D04_AE_01-sample_BJD003171-AlignedFlyBrain	VFB_00063516	Dickson_VT	http://flweb.janelia.org/cgi-bin/view_flew_imagery.cgi?line=VT003229
VT003232_BJD_106D06_AE_01-sample_BJD001211-AlignedFlyBrain	VFB_00063518	Dickson_VT	http://flweb.janelia.org/cgi-bin/view_flew_imagery.cgi?line=VT003232
VT003233_BJD_106D07_AE_01-sample_BJD006735-AlignedFlyBrain	VFB_00063520	Dickson_VT	http://flweb.janelia.org/cgi-bin/view_flew_imagery.cgi?line=VT003233
VT003234_BJD_112D05_AE_01-sample_BJD003169-AlignedFlyBrain	VFB_00063522	Dickson_VT	http://flweb.janelia.org/cgi-bin/view_flew_imagery.cgi?line=VT003234
VT003235_BJD_100B05_AE_01-sample_BJD000324-AlignedFlyBrain	VFB_00063524	Dickson_VT	http://flweb.janelia.org/cgi-bin/view_flew_imagery.cgi?line=VT003235
VT003235_BJD_100B05_LC_21-sample_BJD008997-AlignedFlyBrain	VFB_00063526	Dickson_VT	http://flweb.janelia.org/cgi-bin/view_flew_imagery.cgi?line=VT003235
VT003236_BJD_119E04_AE_01-sample_BJD004495-AlignedFlyBrain	VFB_00063528	Dickson_VT	http://flweb.janelia.org/cgi-bin/view_flew_imagery.cgi?line=VT003236
VT003238_BJD_112D06_AE_01-sample_BJD003167-AlignedFlyBrain	VFB_00063530	Dickson_VT	http://flweb.janelia.org/cgi-bin/view_flew_imagery.cgi?line=VT003238
VT003273_BJD_109D08_AE_01-sample_BJD001549-AlignedFlyBrain	VFB_00063532	Dickson_VT	http://flweb.janelia.org/cgi-bin/view_flew_imagery.cgi?line=VT003273
VT003274_BJD_100B06_AE_01-sample_BJD002915-AlignedFlyBrain	VFB_00063534	Dickson_VT	http://flweb.janelia.org/cgi-bin/view_flew_imagery.cgi?line=VT003274
VT003275_BJD_100B07_AE_01-sample_BJD002929-AlignedFlyBrain	VFB_00063536	Dickson_VT	http://flweb.janelia.org/cgi-bin/view_flew_imagery.cgi?line=VT003275
VT003280_BJD_103C12_AE_01-sample_BJD000723-AlignedFlyBrain	VFB_00063538	Dickson_VT	http://flweb.janelia.org/cgi-bin/view_flew_imagery.cgi?line=VT003280
VT003282_BJD_100B08_AE_01-sample_BJD002925-AlignedFlyBrain	VFB_00063540	Dickson_VT	http://flweb.janelia.org/cgi-bin/view_flew_imagery.cgi?line=VT003282
VT003285_BJD_106D08_AE_01-sample_BJD006733-AlignedFlyBrain	VFB_00063542	Dickson_VT	http://flweb.janelia.org/cgi-bin/view_flew_imagery.cgi?line=VT003285
VT003286_BJD_106D09_AE_01-sample_BJD006731-AlignedFlyBrain	VFB_00063544	Dickson_VT	http://flweb.janelia.org/cgi-bin/view_flew_imagery.cgi?line=VT003286
VT003436_BJD_109D09_AE_01-sample_BJD001552-AlignedFlyBrain	VFB_00063546	Dickson_VT	http://flweb.janelia.org/cgi-bin/view_flew_imagery.cgi?line=VT003436
VT003476_BJD_119E05_AE_01-sample_BJD003684-AlignedFlyBrain	VFB_00063548	Dickson_VT	http://flweb.janelia.org/cgi-bin/view_flew_imagery.cgi?line=VT003476
VT003477_BJD_109D10_AE_01-sample_BJD001554-AlignedFlyBrain	VFB_00063550	Dickson_VT	http://flweb.janelia.org/cgi-bin/view_flew_imagery.cgi?line=VT003477
VT003478_BJD_100B09_AE_01-sample_BJD000351-AlignedFlyBrain	VFB_00063552	Dickson_VT	http://flweb.janelia.org/cgi-bin/view_flew_imagery.cgi?line=VT003478
VT003480_BJD_119E06_AE_01-sample_BJD005535-AlignedFlyBrain	VFB_00063554	Dickson_VT	http://flweb.janelia.org/cgi-bin/view_flew_imagery.cgi?line=VT003480
VT003849_BJD_112D07_AE_01-sample_BJD002636-AlignedFlyBrain	VFB_00063556	Dickson_VT	http://flweb.janelia.org/cgi-bin/view_flew_imagery.cgi?line=VT003849
VT004193_BJD_124H10_AE_01-sample_BJD005565-AlignedFlyBrain	VFB_00063558	Dickson_VT	http://flweb.janelia.org/cgi-bin/view_flew_imagery.cgi?line=VT004193
VT004194_BJD_124H11_AE_01-sample_BJD005563-AlignedFlyBrain	VFB_00063560	Dickson_VT	http://flweb.janelia.org/cgi-bin/view_flew_imagery.cgi?line=VT004194
VT004196_BJD_123C01_AE_01-sample_BJD004906-AlignedFlyBrain	VFB_00063562	Dickson_VT	http://flweb.janelia.org/cgi-bin/view_flew_imagery.cgi?line=VT004196
VT004239_BJD_124H12_AE_01-sample_BJD006114-AlignedFlyBrain	VFB_00063564	Dickson_VT	http://flweb.janelia.org/cgi-bin/view_flew_imagery.cgi?line=VT004239
VT004244_BJD_106D10_AE_01-sample_BJD006729-AlignedFlyBrain	VFB_00063566	Dickson_VT	http://flweb.janelia.org/cgi-bin/view_flew_imagery.cgi?line=VT004244
VT004246_BJD_106D11_AE_01-sample_BJD002888-AlignedFlyBrain	VFB_00063568	Dickson_VT	http://flweb.janelia.org/cgi-bin/view_flew_imagery.cgi?line=VT004246
VT004295_BJD_129E09_AE_01-sample_BJD006024-AlignedFlyBrain	VFB_00063570	Dickson_VT	http://flweb.janelia.org/cgi-bin/view_flew_imagery.cgi?line=VT004295
VT004299_BJD_116D09_AE_01-sample_BJD003288-AlignedFlyBrain	VFB_00063572	Dickson_VT	http://flweb.janelia.org/cgi-bin/view_flew_imagery.cgi?line=VT004299
VT004308_BJD_119E07_AE_01-sample_BJD005531-AlignedFlyBrain	VFB_00063574	Dickson_VT	http://flweb.janelia.org/cgi-bin/view_flew_imagery.cgi?line=VT004308
VT004309_BJD_116D10_AE_01-sample_BJD003290-AlignedFlyBrain	VFB_00063576	Dickson_VT	http://flweb.janelia.org/cgi-bin/view_flew_imagery.cgi?line=VT004309
VT004312_BJD_125A01_AE_01-sample_BJD005561-AlignedFlyBrain	VFB_00063578	Dickson_VT	http://flweb.janelia.org/cgi-bin/view_flew_imagery.cgi?line=VT004312
VT004319_BJD_116D11_AE_01-sample_BJD004272-AlignedFlyBrain	VFB_00063580	Dickson_VT	http://flweb.janelia.org/cgi-bin/view_flew_imagery.cgi?line=VT004319
VT004320_BJD_125A02_AE_01-sample_BJD005929-AlignedFlyBrain	VFB_00063582	Dickson_VT	http://flweb.janelia.org/cgi-bin/view_flew_imagery.cgi?line=VT004320
VT004321_BJD_125A03_AE_01-sample_BJD005567-AlignedFlyBrain	VFB_00063584	Dickson_VT	http://flweb.janelia.org/cgi-bin/view_flew_imagery.cgi?line=VT004321
VT004417_BJD_125A04_AE_01-sample_BJD005570-AlignedFlyBrain	VFB_00063586	Dickson_VT	http://flweb.janelia.org/cgi-bin/view_flew_imagery.cgi?line=VT004417
VT004419_BJD_103D01_AE_01-sample_BJD006739-AlignedFlyBrain	VFB_00063588	Dickson_VT	http://flweb.janelia.org/cgi-bin/view_flew_imagery.cgi?line=VT004419
VT004422_BJD_124A12_AE_01-sample_BJD004853-AlignedFlyBrain	VFB_00063590	Dickson_VT	http://flweb.janelia.org/cgi-bin/view_flew_imagery.cgi?line=VT004422
VT004425_BJD_103D02_AE_01-sample_BJD000492-AlignedFlyBrain	VFB_00063592	Dickson_VT	http://flweb.janelia.org/cgi-bin/view_flew_imagery.cgi?line=VT004425
VT004431_BJD_119E08_AE_01-sample_BJD004661-AlignedFlyBrain	VFB_00063594	Dickson_VT	http://flweb.janelia.org/cgi-bin/view_flew_imagery.cgi?line=VT004431
VT004435_BJD_106D12_AE_01-sample_BJD002890-AlignedFlyBrain	VFB_00063596	Dickson_VT	http://flweb.janelia.org/cgi-bin/view_flew_imagery.cgi?line=VT004435
VT004438_BJD_112D09_AE_01-sample_BJD002639-AlignedFlyBrain	VFB_00063598	Dickson_VT	http://flweb.janelia.org/cgi-bin/view_flew_imagery.cgi?line=VT004438
VT004439_BJD_119E09_AE_01-sample_BJD006083-AlignedFlyBrain	VFB_00063600	Dickson_VT	http://flweb.janelia.org/cgi-bin/view_flew_imagery.cgi?line=VT004439
VT004444_BJD_115B09_AE_01-sample_BJD005539-AlignedFlyBrain	VFB_00063602	Dickson_VT	http://flweb.janelia.org/cgi-bin/view_flew_imagery.cgi?line=VT004444
VT004448_BJD_116D12_AE_01-sample_BJD003299-AlignedFlyBrain	VFB_00063604	Dickson_VT	http://flweb.janelia.org/cgi-bin/view_flew_imagery.cgi?line=VT004448
VT004454_BJD_115B10_AE_01-sample_BJD003198-AlignedFlyBrain	VFB_00063606	Dickson_VT	http://flweb.janelia.org/cgi-bin/view_flew_imagery.cgi?line=VT004454
VT004455_BJD_125A05_AE_01-sample_BJD005572-AlignedFlyBrain	VFB_00063608	Dickson_VT	http://flweb.janelia.org/cgi-bin/view_flew_imagery.cgi?line=VT004455
VT004626_BJD_125A06_AE_01-sample_BJD005427-AlignedFlyBrain	VFB_00063610	Dickson_VT	http://flweb.janelia.org/cgi-bin/view_flew_imagery.cgi?line=VT004626
VT004721_BJD_100B10_AE_01-sample_BJD002922-AlignedFlyBrain	VFB_00063612	Dickson_VT	http://flweb.janelia.org/cgi-bin/view_flew_imagery.cgi?line=VT004721
VT004726_BJD_119E10_AE_01-sample_BJD003771-AlignedFlyBrain	VFB_00063614	Dickson_VT	http://flweb.janelia.org/cgi-bin/view_flew_imagery.cgi?line=VT004726
VT004954_BJD_129E10_AE_01-sample_BJD006021-AlignedFlyBrain	VFB_00063616	Dickson_VT	http://flweb.janelia.org/cgi-bin/view_flew_imagery.cgi?line=VT004954
VT004968_BJD_119E11_AE_01-sample_BJD003774-AlignedFlyBrain	VFB_00063618	Dickson_VT	http://flweb.janelia.org/cgi-bin/view_flew_imagery.cgi?line=VT004968
VT004971_BJD_100B12_AE_01-sample_BJD002612-AlignedFlyBrain	VFB_00063620	Dickson_VT	http://flweb.janelia.org/cgi-bin/view_flew_imagery.cgi?line=VT004971
VT004972_BJD_116E02_AE_01-sample_BJD003296-AlignedFlyBrain	VFB_00063622	Dickson_VT	http://flweb.janelia.org/cgi-bin/view_flew_imagery.cgi?line=VT004972
VT004974_BJD_123C02_AE_01-sample_BJD004908-AlignedFlyBrain	VFB_00063624	Dickson_VT	http://flweb.janelia.org/cgi-bin/view_flew_imagery.cgi?line=VT004974
VT004977_BJD_119E12_AE_01-sample_BJD005820-AlignedFlyBrain	VFB_00063626	Dickson_VT	http://flweb.janelia.org/cgi-bin/view_flew_imagery.cgi?line=VT004977
VT004979_BJD_119F01_AE_01-sample_BJD005840-AlignedFlyBrain	VFB_00063628	Dickson_VT	http://flweb.janelia.org/cgi-bin/view_flew_imagery.cgi?line=VT004979
VT004980_BJD_119F02_AE_01-sample_BJD003776-AlignedFlyBrain	VFB_00063630	Dickson_VT	http://flweb.janelia.org/cgi-bin/view_flew_imagery.cgi?line=VT004980
VT004983_BJD_109D11_AE_01-sample_BJD001556-AlignedFlyBrain	VFB_00063632	Dickson_VT	http://flweb.janelia.org/cgi-bin/view_flew_imagery.cgi?line=VT004983
VT004984_BJD_119F03_AE_01-sample_BJD003780-AlignedFlyBrain	VFB_00063634	Dickson_VT	http://flweb.janelia.org/cgi-bin/view_flew_imagery.cgi?line=VT004984
VT004985_BJD_119F04_AE_01-sample_BJD003595-AlignedFlyBrain	VFB_00063636	Dickson_VT	http://flweb.janelia.org/cgi-bin/view_flew_imagery.cgi?line=VT004985
VT004988_BJD_119F05_AE_01-sample_BJD005842-AlignedFlyBrain	VFB_00063638	Dickson_VT	http://flweb.janelia.org/cgi-bin/view_flew_imagery.cgi?line=VT004988
VT004992_BJD_125A07_AE_01-sample_BJD005860-AlignedFlyBrain	VFB_00063640	Dickson_VT	http://flweb.janelia.org/cgi-bin/view_flew_imagery.cgi?line=VT004992
VT004998_BJD_103D03_AE_01-sample_BJD000544-AlignedFlyBrain	VFB_00063642	Dickson_VT	http://flweb.janelia.org/cgi-bin/view_flew_imagery.cgi?line=VT004998
VT005000_BJD_125A08_AE_01-sample_BJD005429-AlignedFlyBrain	VFB_00063644	Dickson_VT	http://flweb.janelia.org/cgi-bin/view_flew_imagery.cgi?line=VT005000
VT005001_BJD_100C01_AE_01-sample_BJD000335-AlignedFlyBrain	VFB_00063646	Dickson_VT	http://flweb.janelia.org/cgi-bin/view_flew_imagery.cgi?line=VT005001
VT005002_BJD_124B02_AE_01-sample_BJD004856-AlignedFlyBrain	VFB_00063648	Dickson_VT	http://flweb.janelia.org/cgi-bin/view_flew_imagery.cgi?line=VT005002
VT005003_BJD_119F06_AE_01-sample_BJD004835-AlignedFlyBrain	VFB_00063650	Dickson_VT	http://flweb.janelia.org/cgi-bin/view_flew_imagery.cgi?line=VT005003
VT005005_BJD_119F07_AE_01-sample_BJD003598-AlignedFlyBrain	VFB_00063652	Dickson_VT	http://flweb.janelia.org/cgi-bin/view_flew_imagery.cgi?line=VT005005
VT005006_BJD_109D12_AE_01-sample_BJD001558-AlignedFlyBrain	VFB_00063654	Dickson_VT	http://flweb.janelia.org/cgi-bin/view_flew_imagery.cgi?line=VT005006
VT005008_BJD_100C02_AE_01-sample_BJD000353-AlignedFlyBrain	VFB_00063656	Dickson_VT	http://flweb.janelia.org/cgi-bin/view_flew_imagery.cgi?line=VT005008
VT005010_BJD_106E01_AE_01-sample_BJD002892-AlignedFlyBrain	VFB_00063658	Dickson_VT	http://flweb.janelia.org/cgi-bin/view_flew_imagery.cgi?line=VT005010
VT005060_BJD_112D10_AE_01-sample_BJD002643-AlignedFlyBrain	VFB_00063660	Dickson_VT	http://flweb.janelia.org/cgi-bin/view_flew_imagery.cgi?line=VT005060
VT005105_BJD_116E03_AE_01-sample_BJD003294-AlignedFlyBrain	VFB_00063662	Dickson_VT	http://flweb.janelia.org/cgi-bin/view_flew_imagery.cgi?line=VT005105
VT005106_BJD_125A09_AE_01-sample_BJD005862-AlignedFlyBrain	VFB_00063664	Dickson_VT	http://flweb.janelia.org/cgi-bin/view_flew_imagery.cgi?line=VT005106
VT005107_BJD_125A10_AE_01-sample_BJD005935-AlignedFlyBrain	VFB_00063666	Dickson_VT	http://flweb.janelia.org/cgi-bin/view_flew_imagery.cgi?line=VT005107
VT005110_BJD_125A12_AE_01-sample_BJD004656-AlignedFlyBrain	VFB_00063668	Dickson_VT	http://flweb.janelia.org/cgi-bin/view_flew_imagery.cgi?line=VT005110
VT005300_BJD_119F08_AE_01-sample_BJD006622-AlignedFlyBrain	VFB_00063670	Dickson_VT	http://flweb.janelia.org/cgi-bin/view_flew_imagery.cgi?line=VT005300
VT005404_BJD_109E01_AE_01-sample_BJD001560-AlignedFlyBrain	VFB_00063672	Dickson_VT	http://flweb.janelia.org/cgi-bin/view_flew_imagery.cgi?line=VT005404
VT005524_BJD_109E02_AE_01-sample_BJD001562-AlignedFlyBrain	VFB_00063674	Dickson_VT	http://flweb.janelia.org/cgi-bin/view_flew_imagery.cgi?line=VT005524
VT005525_BJD_100C03_AE_01-sample_BJD000337-AlignedFlyBrain	VFB_00063676	Dickson_VT	http://flweb.janelia.org/cgi-bin/view_flew_imagery.cgi?line=VT005525
VT005526_BJD_100C04_AE_01-sample_BJD000339-AlignedFlyBrain	VFB_00063678	Dickson_VT	http://flweb.janelia.org/cgi-bin/view_flew_imagery.cgi?line=VT005526
VT005529_BJD_103D04_AE_01-sample_BJD001088-AlignedFlyBrain	VFB_00063680	Dickson_VT	http://flweb.janelia.org/cgi-bin/view_flew_imagery.cgi?line=VT005529
VT005534_BJD_106E02_AE_01-sample_BJD001215-AlignedFlyBrain	VFB_00063682	Dickson_VT	http://flweb.janelia.org/cgi-bin/view_flew_imagery.cgi?line=VT005534
VT005536_BJD_122D08_AE_01-sample_BJD006471-AlignedFlyBrain	VFB_00063684	Dickson_VT	http://flweb.janelia.org/cgi-bin/view_flew_imagery.cgi?line=VT005536
VT005537_BJD_125B01_AE_01-sample_BJD008795-AlignedFlyBrain	VFB_00063686	Dickson_VT	http://flweb.janelia.org/cgi-bin/view_flew_imagery.cgi?line=VT005537
