L1CNS9983192	VFB_00100379	L1CNS	https://l1em.catmaid.virtualflybrain.org
L1CNS9976876	VFB_00100926	L1CNS	https://l1em.catmaid.virtualflybrain.org
L1CNS9940383 VFB_00100587	L1CNS	https://l1em.catmaid.virtualflybrain.org
L1CNS9935753	VFB_00100846	L1CNS	https://l1em.catmaid.virtualflybrain.org
L1CNS9927083	VFB_00100586	L1CNS https://l1em.catmaid.virtualflybrain.org
L1CNS9903958	VFB_00100845	L1CNS	https://l1em.catmaid.virtualflybrain.org
L1CNS9897224	VFB_00100378	L1CNS https://l1em.catmaid.virtualflybrain.org
L1CNS9889096	VFB_00100377	L1CNS	https://l1em.catmaid.virtualflybrain.org
L1CNS9867542	VFB_00100714	L1CNS https://l1em.catmaid.virtualflybrain.org
L1CNS9847389	VFB_00100376	L1CNS	https://l1em.catmaid.virtualflybrain.org
L1CNS9838295	VFB_00100844	L1CNS https://l1em.catmaid.virtualflybrain.org
L1CNS9835170	VFB_00100843	L1CNS	https://l1em.catmaid.virtualflybrain.org
L1CNS9813903	VFB_00100842	L1CNS https://l1em.catmaid.virtualflybrain.org
L1CNS9813189	VFB_00100375	L1CNS	https://l1em.catmaid.virtualflybrain.org
L1CNS9809627	VFB_00100374	L1CNS https://l1em.catmaid.virtualflybrain.org
L1CNS9805589	VFB_00100841	L1CNS	https://l1em.catmaid.virtualflybrain.org
L1CNS9805521	VFB_00100840	L1CNS https://l1em.catmaid.virtualflybrain.org
L1CNS9796813	VFB_00100373	L1CNS	https://l1em.catmaid.virtualflybrain.org
L1CNS9796598	VFB_00100839	L1CNS https://l1em.catmaid.virtualflybrain.org
L1CNS9793490	VFB_00100838	L1CNS	https://l1em.catmaid.virtualflybrain.org
L1CNS9789131	VFB_00100837	L1CNS https://l1em.catmaid.virtualflybrain.org
L1CNS9787566	VFB_00100836	L1CNS	https://l1em.catmaid.virtualflybrain.org
L1CNS9782027	VFB_00100372	L1CNS https://l1em.catmaid.virtualflybrain.org
L1CNS9771413	VFB_00100691	L1CNS	https://l1em.catmaid.virtualflybrain.org
L1CNS9770017	VFB_00100371	L1CNS https://l1em.catmaid.virtualflybrain.org
L1CNS9769560	VFB_00100370	L1CNS	https://l1em.catmaid.virtualflybrain.org
L1CNS9766794	VFB_00100369	L1CNS https://l1em.catmaid.virtualflybrain.org
L1CNS9758504	VFB_00100835	L1CNS	https://l1em.catmaid.virtualflybrain.org
L1CNS9748982	VFB_00100834	L1CNS https://l1em.catmaid.virtualflybrain.org
L1CNS9748580	VFB_00100833	L1CNS	https://l1em.catmaid.virtualflybrain.org
L1CNS9748270	VFB_00100832	L1CNS https://l1em.catmaid.virtualflybrain.org
L1CNS9747712	VFB_00100368	L1CNS	https://l1em.catmaid.virtualflybrain.org
L1CNS9747419	VFB_00100367	L1CNS https://l1em.catmaid.virtualflybrain.org
L1CNS9741464	VFB_00100366	L1CNS	https://l1em.catmaid.virtualflybrain.org
L1CNS9730874	VFB_00100365	L1CNS https://l1em.catmaid.virtualflybrain.org
L1CNS9720615	VFB_00100690	L1CNS	https://l1em.catmaid.virtualflybrain.org
L1CNS9716859	VFB_00100831	L1CNS https://l1em.catmaid.virtualflybrain.org
L1CNS9707942	VFB_00100364	L1CNS	https://l1em.catmaid.virtualflybrain.org
L1CNS9681389	VFB_00100363	L1CNS https://l1em.catmaid.virtualflybrain.org
L1CNS9681371	VFB_00100157	L1CNS	https://l1em.catmaid.virtualflybrain.org
L1CNS9681324	VFB_00100362	L1CNS https://l1em.catmaid.virtualflybrain.org
L1CNS9681301	VFB_00100361	L1CNS	https://l1em.catmaid.virtualflybrain.org
L1CNS9681280	VFB_00100360	L1CNS https://l1em.catmaid.virtualflybrain.org
L1CNS9681190	VFB_00100359	L1CNS	https://l1em.catmaid.virtualflybrain.org
L1CNS9681173	VFB_00100585	L1CNS https://l1em.catmaid.virtualflybrain.org
L1CNS9681086	VFB_00100689	L1CNS	https://l1em.catmaid.virtualflybrain.org
L1CNS9681075	VFB_00100688	L1CNS https://l1em.catmaid.virtualflybrain.org
L1CNS9681060	VFB_00101120	L1CNS	https://l1em.catmaid.virtualflybrain.org
L1CNS9681053	VFB_00101119	L1CNS https://l1em.catmaid.virtualflybrain.org
L1CNS9681014	VFB_00100358	L1CNS	https://l1em.catmaid.virtualflybrain.org
L1CNS9680932	VFB_00100713	L1CNS https://l1em.catmaid.virtualflybrain.org
L1CNS9680201	VFB_00100357	L1CNS	https://l1em.catmaid.virtualflybrain.org
L1CNS9679286	VFB_00100356	L1CNS https://l1em.catmaid.virtualflybrain.org
L1CNS9679266	VFB_00100355	L1CNS	https://l1em.catmaid.virtualflybrain.org
L1CNS9679236	VFB_00100354	L1CNS https://l1em.catmaid.virtualflybrain.org
L1CNS9679159	VFB_00100830	L1CNS	https://l1em.catmaid.virtualflybrain.org
L1CNS9671611	VFB_00100353	L1CNS https://l1em.catmaid.virtualflybrain.org
L1CNS9655184	VFB_00100352	L1CNS	https://l1em.catmaid.virtualflybrain.org
L1CNS9654958	VFB_00100584	L1CNS https://l1em.catmaid.virtualflybrain.org
L1CNS9654949	VFB_00100351	L1CNS	https://l1em.catmaid.virtualflybrain.org
L1CNS9654922	VFB_00100350	L1CNS https://l1em.catmaid.virtualflybrain.org
L1CNS9654902	VFB_00100349	L1CNS	https://l1em.catmaid.virtualflybrain.org
L1CNS9654888	VFB_00100348	L1CNS https://l1em.catmaid.virtualflybrain.org
L1CNS9654874	VFB_00100347	L1CNS	https://l1em.catmaid.virtualflybrain.org
L1CNS9654870	VFB_00101086	L1CNS https://l1em.catmaid.virtualflybrain.org
L1CNS9654797	VFB_00100829	L1CNS	https://l1em.catmaid.virtualflybrain.org
L1CNS9654744	VFB_00100346	L1CNS https://l1em.catmaid.virtualflybrain.org
L1CNS9654726	VFB_00100345	L1CNS	https://l1em.catmaid.virtualflybrain.org
L1CNS9654697	VFB_00100344	L1CNS https://l1em.catmaid.virtualflybrain.org
L1CNS9654689	VFB_00100343	L1CNS	https://l1em.catmaid.virtualflybrain.org
L1CNS9654603	VFB_00100828	L1CNS https://l1em.catmaid.virtualflybrain.org
L1CNS9654573	VFB_00100687	L1CNS	https://l1em.catmaid.virtualflybrain.org
L1CNS9654512	VFB_00100342	L1CNS https://l1em.catmaid.virtualflybrain.org
L1CNS9654437	VFB_00100686	L1CNS	https://l1em.catmaid.virtualflybrain.org
L1CNS9654307	VFB_00101085	L1CNS https://l1em.catmaid.virtualflybrain.org
L1CNS9621721	VFB_00100341	L1CNS	https://l1em.catmaid.virtualflybrain.org
L1CNS9609050	VFB_00100340	L1CNS https://l1em.catmaid.virtualflybrain.org
L1CNS9606355	VFB_00100339	L1CNS	https://l1em.catmaid.virtualflybrain.org
L1CNS9589147	VFB_00100156	L1CNS https://l1em.catmaid.virtualflybrain.org
L1CNS9578603	VFB_00100338	L1CNS	https://l1em.catmaid.virtualflybrain.org
L1CNS9578082	VFB_00100337	L1CNS https://l1em.catmaid.virtualflybrain.org
L1CNS9574260	VFB_00100336	L1CNS	https://l1em.catmaid.virtualflybrain.org
L1CNS9563255	VFB_00100827	L1CNS https://l1em.catmaid.virtualflybrain.org
L1CNS9531723	VFB_00100335	L1CNS	https://l1em.catmaid.virtualflybrain.org
L1CNS9525493	VFB_00100334	L1CNS https://l1em.catmaid.virtualflybrain.org
L1CNS9517478	VFB_00100333	L1CNS	https://l1em.catmaid.virtualflybrain.org
L1CNS9511774	VFB_00100332	L1CNS https://l1em.catmaid.virtualflybrain.org
L1CNS9469520	VFB_00100331	L1CNS	https://l1em.catmaid.virtualflybrain.org
L1CNS946760	VFB_00100538	L1CNS https://l1em.catmaid.virtualflybrain.org
L1CNS946589	VFB_00100537	L1CNS	https://l1em.catmaid.virtualflybrain.org
L1CNS946482	VFB_00100536	L1CNS https://l1em.catmaid.virtualflybrain.org
L1CNS946306	VFB_00100535	L1CNS	https://l1em.catmaid.virtualflybrain.org
L1CNS9462897	VFB_00100330	L1CNS https://l1em.catmaid.virtualflybrain.org
L1CNS945938	VFB_00100534	L1CNS	https://l1em.catmaid.virtualflybrain.org
L1CNS945804	VFB_00100533	L1CNS https://l1em.catmaid.virtualflybrain.org
L1CNS9319256	VFB_00100826	L1CNS	https://l1em.catmaid.virtualflybrain.org
L1CNS9271227	VFB_00101084	L1CNS https://l1em.catmaid.virtualflybrain.org
L1CNS9251784	VFB_00100329	L1CNS	https://l1em.catmaid.virtualflybrain.org
L1CNS9119559	VFB_00100155	L1CNS https://l1em.catmaid.virtualflybrain.org
L1CNS9109800	VFB_00100328	L1CNS	https://l1em.catmaid.virtualflybrain.org
L1CNS9074102	VFB_00100327	L1CNS https://l1em.catmaid.virtualflybrain.org
L1CNS902034	VFB_00100532	L1CNS	https://l1em.catmaid.virtualflybrain.org
L1CNS901490	VFB_00100531	L1CNS https://l1em.catmaid.virtualflybrain.org
L1CNS9012342	VFB_00100326	L1CNS	https://l1em.catmaid.virtualflybrain.org
L1CNS900006	VFB_00100530	L1CNS https://l1em.catmaid.virtualflybrain.org
L1CNS900001	VFB_00100529	L1CNS	https://l1em.catmaid.virtualflybrain.org
L1CNS8997282	VFB_00100325	L1CNS https://l1em.catmaid.virtualflybrain.org
L1CNS899088	VFB_00100528	L1CNS	https://l1em.catmaid.virtualflybrain.org
L1CNS8978118	VFB_00100324	L1CNS https://l1em.catmaid.virtualflybrain.org
L1CNS8957326	VFB_00100323	L1CNS	https://l1em.catmaid.virtualflybrain.org
L1CNS8924187	VFB_00100322	L1CNS https://l1em.catmaid.virtualflybrain.org
L1CNS8891316	VFB_00100321	L1CNS	https://l1em.catmaid.virtualflybrain.org
L1CNS8877972	VFB_00100154	L1CNS https://l1em.catmaid.virtualflybrain.org
L1CNS8877796	VFB_00100153	L1CNS	https://l1em.catmaid.virtualflybrain.org
L1CNS8865200	VFB_00100320	L1CNS https://l1em.catmaid.virtualflybrain.org
L1CNS8864097	VFB_00100319	L1CNS	https://l1em.catmaid.virtualflybrain.org
L1CNS8850803	VFB_00100318	L1CNS https://l1em.catmaid.virtualflybrain.org
L1CNS8835969	VFB_00100317	L1CNS	https://l1em.catmaid.virtualflybrain.org
L1CNS8798011	VFB_00100316	L1CNS https://l1em.catmaid.virtualflybrain.org
L1CNS8792121	VFB_00100315	L1CNS	https://l1em.catmaid.virtualflybrain.org
L1CNS8773880	VFB_00100314	L1CNS https://l1em.catmaid.virtualflybrain.org
L1CNS8773717	VFB_00100313	L1CNS	https://l1em.catmaid.virtualflybrain.org
L1CNS8773166	VFB_00100312	L1CNS https://l1em.catmaid.virtualflybrain.org
L1CNS8766922	VFB_00100311	L1CNS	https://l1em.catmaid.virtualflybrain.org
L1CNS8765866	VFB_00100310	L1CNS https://l1em.catmaid.virtualflybrain.org
L1CNS8764751	VFB_00100309	L1CNS	https://l1em.catmaid.virtualflybrain.org
L1CNS8761401	VFB_00100308	L1CNS https://l1em.catmaid.virtualflybrain.org
L1CNS8749848	VFB_00100685	L1CNS	https://l1em.catmaid.virtualflybrain.org
L1CNS8748453	VFB_00100825	L1CNS https://l1em.catmaid.virtualflybrain.org
L1CNS8723398	VFB_00100307	L1CNS	https://l1em.catmaid.virtualflybrain.org
L1CNS871060	VFB_00100527	L1CNS https://l1em.catmaid.virtualflybrain.org
L1CNS8704080	VFB_00100152	L1CNS	https://l1em.catmaid.virtualflybrain.org
L1CNS864518	VFB_00100718	L1CNS https://l1em.catmaid.virtualflybrain.org
L1CNS8614659	VFB_00100712	L1CNS	https://l1em.catmaid.virtualflybrain.org
L1CNS8602633	VFB_00101017	L1CNS https://l1em.catmaid.virtualflybrain.org
L1CNS8577318	VFB_00100711	L1CNS	https://l1em.catmaid.virtualflybrain.org
L1CNS8559608	VFB_00100306	L1CNS https://l1em.catmaid.virtualflybrain.org
L1CNS8513390	VFB_00100305	L1CNS	https://l1em.catmaid.virtualflybrain.org
L1CNS8509988	VFB_00100304	L1CNS https://l1em.catmaid.virtualflybrain.org
L1CNS8509535	VFB_00100151	L1CNS	https://l1em.catmaid.virtualflybrain.org
L1CNS8480222	VFB_00100150	L1CNS https://l1em.catmaid.virtualflybrain.org
L1CNS8470257	VFB_00100583	L1CNS	https://l1em.catmaid.virtualflybrain.org
L1CNS8449479	VFB_00100582	L1CNS https://l1em.catmaid.virtualflybrain.org
L1CNS8449458	VFB_00100581	L1CNS	https://l1em.catmaid.virtualflybrain.org
L1CNS8448810	VFB_00100580	L1CNS https://l1em.catmaid.virtualflybrain.org
L1CNS8448797	VFB_00100579	L1CNS	https://l1em.catmaid.virtualflybrain.org
L1CNS8448569	VFB_00100578	L1CNS https://l1em.catmaid.virtualflybrain.org
L1CNS8448478	VFB_00100577	L1CNS	https://l1em.catmaid.virtualflybrain.org
L1CNS8448465	VFB_00100576	L1CNS https://l1em.catmaid.virtualflybrain.org
L1CNS8448458	VFB_00100575	L1CNS	https://l1em.catmaid.virtualflybrain.org
L1CNS8436847	VFB_00100303	L1CNS https://l1em.catmaid.virtualflybrain.org
L1CNS8432029	VFB_00100574	L1CNS	https://l1em.catmaid.virtualflybrain.org
L1CNS8427678	VFB_00100302	L1CNS https://l1em.catmaid.virtualflybrain.org
L1CNS8421330	VFB_00100925	L1CNS	https://l1em.catmaid.virtualflybrain.org
L1CNS8419066	VFB_00101016	L1CNS https://l1em.catmaid.virtualflybrain.org
L1CNS8413664	VFB_00100301	L1CNS	https://l1em.catmaid.virtualflybrain.org
L1CNS8393982	VFB_00100300	L1CNS https://l1em.catmaid.virtualflybrain.org
L1CNS8374408	VFB_00101015	L1CNS	https://l1em.catmaid.virtualflybrain.org
L1CNS8362222	VFB_00100573	L1CNS https://l1em.catmaid.virtualflybrain.org
L1CNS8361380	VFB_00100572	L1CNS	https://l1em.catmaid.virtualflybrain.org
L1CNS8358801	VFB_00100571	L1CNS https://l1em.catmaid.virtualflybrain.org
L1CNS8353475	VFB_00100570	L1CNS	https://l1em.catmaid.virtualflybrain.org
L1CNS8342583	VFB_00100981	L1CNS https://l1em.catmaid.virtualflybrain.org
L1CNS8319312	VFB_00100299	L1CNS	https://l1em.catmaid.virtualflybrain.org
L1CNS8318679	VFB_00100298	L1CNS https://l1em.catmaid.virtualflybrain.org
L1CNS8276783	VFB_00100149	L1CNS	https://l1em.catmaid.virtualflybrain.org
L1CNS8274903	VFB_00100297	L1CNS https://l1em.catmaid.virtualflybrain.org
L1CNS8274022	VFB_00100148	L1CNS	https://l1em.catmaid.virtualflybrain.org
L1CNS8273370	VFB_00100147	L1CNS https://l1em.catmaid.virtualflybrain.org
L1CNS8267746	VFB_00100569	L1CNS	https://l1em.catmaid.virtualflybrain.org
L1CNS8267549	VFB_00100296	L1CNS https://l1em.catmaid.virtualflybrain.org
L1CNS8263286	VFB_00100295	L1CNS	https://l1em.catmaid.virtualflybrain.org
L1CNS8263141	VFB_00100294	L1CNS https://l1em.catmaid.virtualflybrain.org
L1CNS8262504	VFB_00100293	L1CNS	https://l1em.catmaid.virtualflybrain.org
L1CNS8262373	VFB_00100292	L1CNS https://l1em.catmaid.virtualflybrain.org
L1CNS8262303	VFB_00100291	L1CNS	https://l1em.catmaid.virtualflybrain.org
L1CNS8260936	VFB_00100290	L1CNS https://l1em.catmaid.virtualflybrain.org
L1CNS8260012	VFB_00100289	L1CNS	https://l1em.catmaid.virtualflybrain.org
L1CNS8259200	VFB_00100288	L1CNS https://l1em.catmaid.virtualflybrain.org
L1CNS8259193	VFB_00100287	L1CNS	https://l1em.catmaid.virtualflybrain.org
L1CNS8259180	VFB_00100286	L1CNS https://l1em.catmaid.virtualflybrain.org
L1CNS8257689	VFB_00100924	L1CNS	https://l1em.catmaid.virtualflybrain.org
L1CNS8256187	VFB_00100146	L1CNS https://l1em.catmaid.virtualflybrain.org
L1CNS8254896	VFB_00100285	L1CNS	https://l1em.catmaid.virtualflybrain.org
L1CNS8253414	VFB_00100145	L1CNS https://l1em.catmaid.virtualflybrain.org
L1CNS8252068	VFB_00100144	L1CNS	https://l1em.catmaid.virtualflybrain.org
L1CNS8251399	VFB_00100284	L1CNS https://l1em.catmaid.virtualflybrain.org
L1CNS8248707	VFB_00100283	L1CNS	https://l1em.catmaid.virtualflybrain.org
L1CNS8248632	VFB_00100143	L1CNS https://l1em.catmaid.virtualflybrain.org
L1CNS8247452	VFB_00100142	L1CNS	https://l1em.catmaid.virtualflybrain.org
L1CNS8247316	VFB_00100282	L1CNS https://l1em.catmaid.virtualflybrain.org
L1CNS8246751	VFB_00100141	L1CNS	https://l1em.catmaid.virtualflybrain.org
L1CNS8246082	VFB_00100140	L1CNS https://l1em.catmaid.virtualflybrain.org
L1CNS8245871	VFB_00100139	L1CNS	https://l1em.catmaid.virtualflybrain.org
L1CNS8245693	VFB_00100138	L1CNS https://l1em.catmaid.virtualflybrain.org
L1CNS8245514	VFB_00100137	L1CNS	https://l1em.catmaid.virtualflybrain.org
L1CNS8245147	VFB_00100136	L1CNS https://l1em.catmaid.virtualflybrain.org
L1CNS8245015	VFB_00100135	L1CNS	https://l1em.catmaid.virtualflybrain.org
L1CNS8244824	VFB_00100134	L1CNS https://l1em.catmaid.virtualflybrain.org
L1CNS8244724	VFB_00100133	L1CNS	https://l1em.catmaid.virtualflybrain.org
L1CNS8243569	VFB_00100568	L1CNS https://l1em.catmaid.virtualflybrain.org
L1CNS8243456	VFB_00100132	L1CNS	https://l1em.catmaid.virtualflybrain.org
L1CNS8234537	VFB_00101014	L1CNS https://l1em.catmaid.virtualflybrain.org
L1CNS8231265	VFB_00100131	L1CNS	https://l1em.catmaid.virtualflybrain.org
L1CNS8199673	VFB_00100130	L1CNS https://l1em.catmaid.virtualflybrain.org
L1CNS8198958	VFB_00101013	L1CNS	https://l1em.catmaid.virtualflybrain.org
L1CNS8198514	VFB_00100129	L1CNS https://l1em.catmaid.virtualflybrain.org
L1CNS8198417	VFB_00100128	L1CNS	https://l1em.catmaid.virtualflybrain.org
L1CNS8198318	VFB_00100127	L1CNS https://l1em.catmaid.virtualflybrain.org
L1CNS8198239	VFB_00100126	L1CNS	https://l1em.catmaid.virtualflybrain.org
L1CNS8196193	VFB_00101012	L1CNS https://l1em.catmaid.virtualflybrain.org
L1CNS8170517	VFB_00101011	L1CNS	https://l1em.catmaid.virtualflybrain.org
L1CNS8160266	VFB_00100281	L1CNS https://l1em.catmaid.virtualflybrain.org
L1CNS8158302	VFB_00100280	L1CNS	https://l1em.catmaid.virtualflybrain.org
L1CNS8140110	VFB_00100125	L1CNS https://l1em.catmaid.virtualflybrain.org
L1CNS8138802	VFB_00100279	L1CNS	https://l1em.catmaid.virtualflybrain.org
L1CNS8118476	VFB_00100278	L1CNS https://l1em.catmaid.virtualflybrain.org
L1CNS8102936	VFB_00100124	L1CNS	https://l1em.catmaid.virtualflybrain.org
L1CNS8095562	VFB_00101010	L1CNS https://l1em.catmaid.virtualflybrain.org
L1CNS8094861	VFB_00100277	L1CNS	https://l1em.catmaid.virtualflybrain.org
L1CNS8070223	VFB_00100276	L1CNS https://l1em.catmaid.virtualflybrain.org
L1CNS8069897	VFB_00100275	L1CNS	https://l1em.catmaid.virtualflybrain.org
L1CNS8069366	VFB_00100274	L1CNS https://l1em.catmaid.virtualflybrain.org
L1CNS8067289	VFB_00100273	L1CNS	https://l1em.catmaid.virtualflybrain.org
L1CNS8059284	VFB_00100923	L1CNS https://l1em.catmaid.virtualflybrain.org
L1CNS8045801	VFB_00100710	L1CNS	https://l1em.catmaid.virtualflybrain.org
L1CNS8039618	VFB_00100922	L1CNS https://l1em.catmaid.virtualflybrain.org
L1CNS8012954	VFB_00100272	L1CNS	https://l1em.catmaid.virtualflybrain.org
L1CNS8010890	VFB_00100824	L1CNS https://l1em.catmaid.virtualflybrain.org
L1CNS8008618	VFB_00100823	L1CNS	https://l1em.catmaid.virtualflybrain.org
L1CNS8005610	VFB_00100822	L1CNS https://l1em.catmaid.virtualflybrain.org
L1CNS7983900	VFB_00100271	L1CNS	https://l1em.catmaid.virtualflybrain.org
L1CNS7941653	VFB_00100123	L1CNS https://l1em.catmaid.virtualflybrain.org
L1CNS7941643	VFB_00100122	L1CNS	https://l1em.catmaid.virtualflybrain.org
L1CNS7940801	VFB_00100567	L1CNS https://l1em.catmaid.virtualflybrain.org
L1CNS7939980	VFB_00100121	L1CNS	https://l1em.catmaid.virtualflybrain.org
L1CNS7939892	VFB_00100120	L1CNS https://l1em.catmaid.virtualflybrain.org
L1CNS7938415	VFB_00100566	L1CNS	https://l1em.catmaid.virtualflybrain.org
L1CNS7935089	VFB_00100119	L1CNS https://l1em.catmaid.virtualflybrain.org
L1CNS7934905	VFB_00100118	L1CNS	https://l1em.catmaid.virtualflybrain.org
L1CNS7926497	VFB_00100921	L1CNS https://l1em.catmaid.virtualflybrain.org
L1CNS7924479	VFB_00100920	L1CNS	https://l1em.catmaid.virtualflybrain.org
L1CNS7916873	VFB_00100117	L1CNS https://l1em.catmaid.virtualflybrain.org
L1CNS7910625	VFB_00100270	L1CNS	https://l1em.catmaid.virtualflybrain.org
L1CNS7876386	VFB_00101009	L1CNS https://l1em.catmaid.virtualflybrain.org
L1CNS7873136	VFB_00100116	L1CNS	https://l1em.catmaid.virtualflybrain.org
L1CNS7865768	VFB_00100115	L1CNS https://l1em.catmaid.virtualflybrain.org
L1CNS7865697	VFB_00100114	L1CNS	https://l1em.catmaid.virtualflybrain.org
L1CNS7865653	VFB_00100113	L1CNS https://l1em.catmaid.virtualflybrain.org
L1CNS7864824	VFB_00100112	L1CNS	https://l1em.catmaid.virtualflybrain.org
L1CNS7851154	VFB_00100111	L1CNS https://l1em.catmaid.virtualflybrain.org
L1CNS7845347	VFB_00100110	L1CNS	https://l1em.catmaid.virtualflybrain.org
L1CNS7845338	VFB_00100109	L1CNS https://l1em.catmaid.virtualflybrain.org
L1CNS7836571	VFB_00100684	L1CNS	https://l1em.catmaid.virtualflybrain.org
L1CNS7829847	VFB_00100269	L1CNS https://l1em.catmaid.virtualflybrain.org
L1CNS7808342	VFB_00100919	L1CNS	https://l1em.catmaid.virtualflybrain.org
L1CNS7801256	VFB_00100683	L1CNS https://l1em.catmaid.virtualflybrain.org
L1CNS7793417	VFB_00100682	L1CNS	https://l1em.catmaid.virtualflybrain.org
L1CNS7792782	VFB_00101118	L1CNS https://l1em.catmaid.virtualflybrain.org
L1CNS7786054	VFB_00100268	L1CNS	https://l1em.catmaid.virtualflybrain.org
L1CNS7783765	VFB_00100918	L1CNS https://l1em.catmaid.virtualflybrain.org
L1CNS7772438	VFB_00101008	L1CNS	https://l1em.catmaid.virtualflybrain.org
L1CNS7764786	VFB_00100681	L1CNS https://l1em.catmaid.virtualflybrain.org
L1CNS7759340	VFB_00100680	L1CNS	https://l1em.catmaid.virtualflybrain.org
L1CNS7690946	VFB_00100267	L1CNS https://l1em.catmaid.virtualflybrain.org
L1CNS7683402	VFB_00100709	L1CNS	https://l1em.catmaid.virtualflybrain.org
L1CNS766235	VFB_00100526	L1CNS https://l1em.catmaid.virtualflybrain.org
L1CNS765513	VFB_00100525	L1CNS	https://l1em.catmaid.virtualflybrain.org
L1CNS7636005	VFB_00101117	L1CNS https://l1em.catmaid.virtualflybrain.org
L1CNS7633930	VFB_00101116	L1CNS	https://l1em.catmaid.virtualflybrain.org
L1CNS7631267	VFB_00100679	L1CNS https://l1em.catmaid.virtualflybrain.org
L1CNS7628069	VFB_00100678	L1CNS	https://l1em.catmaid.virtualflybrain.org
L1CNS7616957	VFB_00100266	L1CNS https://l1em.catmaid.virtualflybrain.org
L1CNS7600296	VFB_00100108	L1CNS	https://l1em.catmaid.virtualflybrain.org
L1CNS7557605	VFB_00100821	L1CNS https://l1em.catmaid.virtualflybrain.org
L1CNS754775	VFB_00101097	L1CNS	https://l1em.catmaid.virtualflybrain.org
L1CNS7503200	VFB_00100107	L1CNS https://l1em.catmaid.virtualflybrain.org
L1CNS7498915	VFB_00100677	L1CNS	https://l1em.catmaid.virtualflybrain.org
L1CNS7491399	VFB_00100676	L1CNS https://l1em.catmaid.virtualflybrain.org
L1CNS7483663	VFB_00100675	L1CNS	https://l1em.catmaid.virtualflybrain.org
L1CNS7431703	VFB_00100674	L1CNS https://l1em.catmaid.virtualflybrain.org
L1CNS7340665	VFB_00100820	L1CNS	https://l1em.catmaid.virtualflybrain.org
L1CNS7340633	VFB_00100819	L1CNS https://l1em.catmaid.virtualflybrain.org
L1CNS7338310	VFB_00100818	L1CNS	https://l1em.catmaid.virtualflybrain.org
L1CNS7331556	VFB_00100817	L1CNS https://l1em.catmaid.virtualflybrain.org
L1CNS729575	VFB_00101065	L1CNS	https://l1em.catmaid.virtualflybrain.org
L1CNS722936	VFB_00101096	L1CNS https://l1em.catmaid.virtualflybrain.org
L1CNS7215583	VFB_00100265	L1CNS	https://l1em.catmaid.virtualflybrain.org
L1CNS7198339	VFB_00100106	L1CNS https://l1em.catmaid.virtualflybrain.org
L1CNS7196395	VFB_00100264	L1CNS	https://l1em.catmaid.virtualflybrain.org
L1CNS7195652	VFB_00100708	L1CNS https://l1em.catmaid.virtualflybrain.org
L1CNS7187385	VFB_00100263	L1CNS	https://l1em.catmaid.virtualflybrain.org
L1CNS7165166	VFB_00100816	L1CNS https://l1em.catmaid.virtualflybrain.org
L1CNS7152432	VFB_00100673	L1CNS	https://l1em.catmaid.virtualflybrain.org
L1CNS7136255	VFB_00100815	L1CNS https://l1em.catmaid.virtualflybrain.org
L1CNS7124157	VFB_00101115	L1CNS	https://l1em.catmaid.virtualflybrain.org
L1CNS7107434	VFB_00100105	L1CNS https://l1em.catmaid.virtualflybrain.org
L1CNS7092418	VFB_00100104	L1CNS	https://l1em.catmaid.virtualflybrain.org
L1CNS7092087	VFB_00100262	L1CNS https://l1em.catmaid.virtualflybrain.org
L1CNS7076836	VFB_00101114	L1CNS	https://l1em.catmaid.virtualflybrain.org
L1CNS7055858	VFB_00100261	L1CNS https://l1em.catmaid.virtualflybrain.org
L1CNS7040211	VFB_00101083	L1CNS	https://l1em.catmaid.virtualflybrain.org
L1CNS7020345	VFB_00100260	L1CNS https://l1em.catmaid.virtualflybrain.org
L1CNS7019057	VFB_00100917	L1CNS	https://l1em.catmaid.virtualflybrain.org
L1CNS7001631	VFB_00100103	L1CNS https://l1em.catmaid.virtualflybrain.org
L1CNS6896581	VFB_00101113	L1CNS	https://l1em.catmaid.virtualflybrain.org
L1CNS6883832	VFB_00100814	L1CNS https://l1em.catmaid.virtualflybrain.org
L1CNS6811350	VFB_00100916	L1CNS	https://l1em.catmaid.virtualflybrain.org
L1CNS6802554	VFB_00100813	L1CNS https://l1em.catmaid.virtualflybrain.org
L1CNS6796533	VFB_00100812	L1CNS	https://l1em.catmaid.virtualflybrain.org
L1CNS6795359	VFB_00100811	L1CNS https://l1em.catmaid.virtualflybrain.org
L1CNS677706	VFB_00100187	L1CNS	https://l1em.catmaid.virtualflybrain.org
L1CNS6755286	VFB_00100672	L1CNS https://l1em.catmaid.virtualflybrain.org
L1CNS6730711	VFB_00100980	L1CNS	https://l1em.catmaid.virtualflybrain.org
L1CNS671648	VFB_00100524	L1CNS https://l1em.catmaid.virtualflybrain.org
L1CNS6704233	VFB_00100259	L1CNS	https://l1em.catmaid.virtualflybrain.org
L1CNS6703262	VFB_00100102	L1CNS https://l1em.catmaid.virtualflybrain.org
L1CNS6703242	VFB_00100258	L1CNS	https://l1em.catmaid.virtualflybrain.org
L1CNS6699206	VFB_00100257	L1CNS https://l1em.catmaid.virtualflybrain.org
L1CNS6611895	VFB_00100256	L1CNS	https://l1em.catmaid.virtualflybrain.org
L1CNS6557582	VFB_00100101	L1CNS https://l1em.catmaid.virtualflybrain.org
L1CNS6535162	VFB_00100671	L1CNS	https://l1em.catmaid.virtualflybrain.org
L1CNS6484770	VFB_00100670	L1CNS https://l1em.catmaid.virtualflybrain.org
L1CNS6451333	VFB_00100100	L1CNS	https://l1em.catmaid.virtualflybrain.org
L1CNS6450382	VFB_00100669	L1CNS https://l1em.catmaid.virtualflybrain.org
L1CNS6445995	VFB_00100810	L1CNS	https://l1em.catmaid.virtualflybrain.org
L1CNS6364988	VFB_00100099	L1CNS https://l1em.catmaid.virtualflybrain.org
L1CNS6340461	VFB_00100098	L1CNS	https://l1em.catmaid.virtualflybrain.org
L1CNS6294413	VFB_00100668	L1CNS https://l1em.catmaid.virtualflybrain.org
L1CNS6280152	VFB_00101007	L1CNS	https://l1em.catmaid.virtualflybrain.org
L1CNS627859	VFB_00101064	L1CNS https://l1em.catmaid.virtualflybrain.org
L1CNS6207233	VFB_00100707	L1CNS	https://l1em.catmaid.virtualflybrain.org
L1CNS6195522	VFB_00101006	L1CNS https://l1em.catmaid.virtualflybrain.org
L1CNS6143931	VFB_00100097	L1CNS	https://l1em.catmaid.virtualflybrain.org
L1CNS6062424	VFB_00101082	L1CNS https://l1em.catmaid.virtualflybrain.org
L1CNS5997122	VFB_00100667	L1CNS	https://l1em.catmaid.virtualflybrain.org
L1CNS5969256	VFB_00100255	L1CNS https://l1em.catmaid.virtualflybrain.org
L1CNS5966100	VFB_00100254	L1CNS	https://l1em.catmaid.virtualflybrain.org
L1CNS5937085	VFB_00100253	L1CNS https://l1em.catmaid.virtualflybrain.org
L1CNS587084	VFB_00100598	L1CNS	https://l1em.catmaid.virtualflybrain.org
L1CNS5860971	VFB_00100809	L1CNS https://l1em.catmaid.virtualflybrain.org
L1CNS5836251	VFB_00100252	L1CNS	https://l1em.catmaid.virtualflybrain.org
L1CNS5836207	VFB_00100251	L1CNS https://l1em.catmaid.virtualflybrain.org
L1CNS5836182	VFB_00100250	L1CNS	https://l1em.catmaid.virtualflybrain.org
L1CNS5836036	VFB_00100249	L1CNS https://l1em.catmaid.virtualflybrain.org
L1CNS5835800	VFB_00100248	L1CNS	https://l1em.catmaid.virtualflybrain.org
L1CNS581558	VFB_00100523	L1CNS https://l1em.catmaid.virtualflybrain.org
L1CNS5794679	VFB_00100666	L1CNS	https://l1em.catmaid.virtualflybrain.org
L1CNS5754347	VFB_00100665	L1CNS https://l1em.catmaid.virtualflybrain.org
L1CNS5733619	VFB_00101112	L1CNS	https://l1em.catmaid.virtualflybrain.org
L1CNS5731369	VFB_00101081	L1CNS https://l1em.catmaid.virtualflybrain.org
L1CNS5715619	VFB_00101080	L1CNS	https://l1em.catmaid.virtualflybrain.org
L1CNS5691935	VFB_00100664	L1CNS https://l1em.catmaid.virtualflybrain.org
L1CNS5690363	VFB_00100663	L1CNS	https://l1em.catmaid.virtualflybrain.org
L1CNS5688092	VFB_00100808	L1CNS https://l1em.catmaid.virtualflybrain.org
L1CNS5669276	VFB_00100247	L1CNS	https://l1em.catmaid.virtualflybrain.org
L1CNS5617166	VFB_00100807	L1CNS https://l1em.catmaid.virtualflybrain.org
L1CNS5615962	VFB_00100806	L1CNS	https://l1em.catmaid.virtualflybrain.org
L1CNS5614979	VFB_00100805	L1CNS https://l1em.catmaid.virtualflybrain.org
L1CNS5613145	VFB_00100804	L1CNS	https://l1em.catmaid.virtualflybrain.org
L1CNS5607157	VFB_00100803	L1CNS https://l1em.catmaid.virtualflybrain.org
L1CNS5601925	VFB_00100802	L1CNS	https://l1em.catmaid.virtualflybrain.org
L1CNS5548413	VFB_00100662	L1CNS https://l1em.catmaid.virtualflybrain.org
L1CNS5539468	VFB_00100801	L1CNS	https://l1em.catmaid.virtualflybrain.org
L1CNS5500959	VFB_00100800	L1CNS https://l1em.catmaid.virtualflybrain.org
L1CNS5478205	VFB_00100096	L1CNS	https://l1em.catmaid.virtualflybrain.org
L1CNS5458047	VFB_00100915	L1CNS https://l1em.catmaid.virtualflybrain.org
L1CNS5417850	VFB_00100799	L1CNS	https://l1em.catmaid.virtualflybrain.org
L1CNS5404888	VFB_00100798	L1CNS https://l1em.catmaid.virtualflybrain.org
L1CNS5395824	VFB_00100246	L1CNS	https://l1em.catmaid.virtualflybrain.org
L1CNS5382877	VFB_00100797	L1CNS https://l1em.catmaid.virtualflybrain.org
L1CNS5378684	VFB_00100796	L1CNS	https://l1em.catmaid.virtualflybrain.org
L1CNS5351822	VFB_00100914	L1CNS https://l1em.catmaid.virtualflybrain.org
L1CNS5349962	VFB_00100795	L1CNS	https://l1em.catmaid.virtualflybrain.org
L1CNS5343579	VFB_00100661	L1CNS https://l1em.catmaid.virtualflybrain.org
L1CNS5343533	VFB_00100660	L1CNS	https://l1em.catmaid.virtualflybrain.org
L1CNS5336477	VFB_00100659	L1CNS https://l1em.catmaid.virtualflybrain.org
L1CNS5311300	VFB_00100794	L1CNS	https://l1em.catmaid.virtualflybrain.org
L1CNS5310671	VFB_00101111	L1CNS https://l1em.catmaid.virtualflybrain.org
L1CNS5309933	VFB_00100023	L1CNS	https://l1em.catmaid.virtualflybrain.org
L1CNS5291793	VFB_00100095	L1CNS https://l1em.catmaid.virtualflybrain.org
L1CNS5268582	VFB_00100658	L1CNS	https://l1em.catmaid.virtualflybrain.org
L1CNS5261425	VFB_00100094	L1CNS https://l1em.catmaid.virtualflybrain.org
L1CNS5248752	VFB_00100093	L1CNS	https://l1em.catmaid.virtualflybrain.org
L1CNS5247103	VFB_00100092	L1CNS https://l1em.catmaid.virtualflybrain.org
L1CNS5243058	VFB_00100657	L1CNS	https://l1em.catmaid.virtualflybrain.org
L1CNS5238495	VFB_00100656	L1CNS https://l1em.catmaid.virtualflybrain.org
L1CNS5231558	VFB_00101110	L1CNS	https://l1em.catmaid.virtualflybrain.org
L1CNS5198940	VFB_00100655	L1CNS https://l1em.catmaid.virtualflybrain.org
L1CNS519625	VFB_00100597	L1CNS	https://l1em.catmaid.virtualflybrain.org
L1CNS5185730	VFB_00100654	L1CNS https://l1em.catmaid.virtualflybrain.org
L1CNS5169588	VFB_00100245	L1CNS	https://l1em.catmaid.virtualflybrain.org
L1CNS514842	VFB_00100596	L1CNS https://l1em.catmaid.virtualflybrain.org
L1CNS5132887	VFB_00100653	L1CNS	https://l1em.catmaid.virtualflybrain.org
L1CNS5121541	VFB_00100652	L1CNS https://l1em.catmaid.virtualflybrain.org
L1CNS5114805	VFB_00101079	L1CNS	https://l1em.catmaid.virtualflybrain.org
L1CNS5108526	VFB_00100651	L1CNS https://l1em.catmaid.virtualflybrain.org
L1CNS5090550	VFB_00100091	L1CNS	https://l1em.catmaid.virtualflybrain.org
L1CNS5064748	VFB_00100650	L1CNS https://l1em.catmaid.virtualflybrain.org
L1CNS5051343	VFB_00100244	L1CNS	https://l1em.catmaid.virtualflybrain.org
L1CNS5049772	VFB_00100243	L1CNS https://l1em.catmaid.virtualflybrain.org
L1CNS5038921	VFB_00100793	L1CNS	https://l1em.catmaid.virtualflybrain.org
L1CNS5038704	VFB_00100792	L1CNS https://l1em.catmaid.virtualflybrain.org
L1CNS4990881	VFB_00100913	L1CNS	https://l1em.catmaid.virtualflybrain.org
L1CNS4982173	VFB_00100242	L1CNS https://l1em.catmaid.virtualflybrain.org
L1CNS4955475	VFB_00100090	L1CNS	https://l1em.catmaid.virtualflybrain.org
L1CNS4920797	VFB_00100241	L1CNS https://l1em.catmaid.virtualflybrain.org
L1CNS4919896	VFB_00100240	L1CNS	https://l1em.catmaid.virtualflybrain.org
L1CNS4901447	VFB_00100649	L1CNS https://l1em.catmaid.virtualflybrain.org
L1CNS4884580	VFB_00100239	L1CNS	https://l1em.catmaid.virtualflybrain.org
L1CNS4876705	VFB_00100238	L1CNS https://l1em.catmaid.virtualflybrain.org
L1CNS4850741	VFB_00100912	L1CNS	https://l1em.catmaid.virtualflybrain.org
L1CNS4847162	VFB_00100911	L1CNS https://l1em.catmaid.virtualflybrain.org
L1CNS4839571	VFB_00100648	L1CNS	https://l1em.catmaid.virtualflybrain.org
L1CNS4833169	VFB_00100647	L1CNS https://l1em.catmaid.virtualflybrain.org
L1CNS4829814	VFB_00100646	L1CNS	https://l1em.catmaid.virtualflybrain.org
L1CNS4826453	VFB_00100645	L1CNS https://l1em.catmaid.virtualflybrain.org
L1CNS4824879	VFB_00100706	L1CNS	https://l1em.catmaid.virtualflybrain.org
L1CNS4780448	VFB_00100791	L1CNS https://l1em.catmaid.virtualflybrain.org
L1CNS4778440	VFB_00100644	L1CNS	https://l1em.catmaid.virtualflybrain.org
L1CNS4766067	VFB_00100643	L1CNS https://l1em.catmaid.virtualflybrain.org
L1CNS4760070	VFB_00100642	L1CNS	https://l1em.catmaid.virtualflybrain.org
L1CNS4740180	VFB_00100641	L1CNS https://l1em.catmaid.virtualflybrain.org
L1CNS4736309	VFB_00100089	L1CNS	https://l1em.catmaid.virtualflybrain.org
L1CNS471752	VFB_00100703	L1CNS https://l1em.catmaid.virtualflybrain.org
L1CNS4717262	VFB_00101078	L1CNS	https://l1em.catmaid.virtualflybrain.org
L1CNS471679	VFB_00100702	L1CNS https://l1em.catmaid.virtualflybrain.org
L1CNS471672	VFB_00100701	L1CNS	https://l1em.catmaid.virtualflybrain.org
L1CNS4700183	VFB_00100088	L1CNS https://l1em.catmaid.virtualflybrain.org
L1CNS4700079	VFB_00100087	L1CNS	https://l1em.catmaid.virtualflybrain.org
L1CNS4679140	VFB_00100086	L1CNS https://l1em.catmaid.virtualflybrain.org
L1CNS4651930	VFB_00100085	L1CNS	https://l1em.catmaid.virtualflybrain.org
L1CNS4641121	VFB_00100790	L1CNS https://l1em.catmaid.virtualflybrain.org
L1CNS4595610	VFB_00100789	L1CNS	https://l1em.catmaid.virtualflybrain.org
L1CNS4591946	VFB_00100640	L1CNS https://l1em.catmaid.virtualflybrain.org
L1CNS4589093	VFB_00101077	L1CNS	https://l1em.catmaid.virtualflybrain.org
L1CNS4555764	VFB_00100639	L1CNS https://l1em.catmaid.virtualflybrain.org
L1CNS4536018	VFB_00100638	L1CNS	https://l1em.catmaid.virtualflybrain.org
L1CNS4523804	VFB_00100788	L1CNS https://l1em.catmaid.virtualflybrain.org
L1CNS4523585	VFB_00100787	L1CNS	https://l1em.catmaid.virtualflybrain.org
L1CNS4518547	VFB_00100237	L1CNS https://l1em.catmaid.virtualflybrain.org
L1CNS4514712	VFB_00100979	L1CNS	https://l1em.catmaid.virtualflybrain.org
L1CNS4506510	VFB_00100786	L1CNS https://l1em.catmaid.virtualflybrain.org
L1CNS4493200	VFB_00100084	L1CNS	https://l1em.catmaid.virtualflybrain.org
L1CNS4483082	VFB_00101005	L1CNS https://l1em.catmaid.virtualflybrain.org
L1CNS4453486	VFB_00100785	L1CNS	https://l1em.catmaid.virtualflybrain.org
L1CNS4444355	VFB_00100236	L1CNS https://l1em.catmaid.virtualflybrain.org
L1CNS4414185	VFB_00100235	L1CNS	https://l1em.catmaid.virtualflybrain.org
L1CNS4414164	VFB_00100234	L1CNS https://l1em.catmaid.virtualflybrain.org
L1CNS4412316	VFB_00100233	L1CNS	https://l1em.catmaid.virtualflybrain.org
L1CNS4412037	VFB_00100232	L1CNS https://l1em.catmaid.virtualflybrain.org
L1CNS4411506	VFB_00100231	L1CNS	https://l1em.catmaid.virtualflybrain.org
L1CNS4404664	VFB_00100230	L1CNS https://l1em.catmaid.virtualflybrain.org
L1CNS4400768	VFB_00100784	L1CNS	https://l1em.catmaid.virtualflybrain.org
L1CNS439983	VFB_00101063	L1CNS https://l1em.catmaid.virtualflybrain.org
L1CNS4394778	VFB_00100637	L1CNS	https://l1em.catmaid.virtualflybrain.org
L1CNS4393050	VFB_00100229	L1CNS https://l1em.catmaid.virtualflybrain.org
L1CNS4391979	VFB_00100083	L1CNS	https://l1em.catmaid.virtualflybrain.org
L1CNS4381378	VFB_00100228	L1CNS https://l1em.catmaid.virtualflybrain.org
L1CNS4381130	VFB_00100227	L1CNS	https://l1em.catmaid.virtualflybrain.org
L1CNS4364827	VFB_00100783	L1CNS https://l1em.catmaid.virtualflybrain.org
L1CNS4363884	VFB_00100782	L1CNS	https://l1em.catmaid.virtualflybrain.org
L1CNS4354934	VFB_00100082	L1CNS https://l1em.catmaid.virtualflybrain.org
L1CNS4348666	VFB_00100910	L1CNS	https://l1em.catmaid.virtualflybrain.org
L1CNS4327685	VFB_00100081	L1CNS https://l1em.catmaid.virtualflybrain.org
L1CNS4324899	VFB_00100080	L1CNS	https://l1em.catmaid.virtualflybrain.org
L1CNS4321719	VFB_00100636	L1CNS https://l1em.catmaid.virtualflybrain.org
L1CNS4305391	VFB_00100705	L1CNS	https://l1em.catmaid.virtualflybrain.org
L1CNS4302563	VFB_00100635	L1CNS https://l1em.catmaid.virtualflybrain.org
L1CNS4289746	VFB_00101004	L1CNS	https://l1em.catmaid.virtualflybrain.org
L1CNS4284107	VFB_00100781	L1CNS https://l1em.catmaid.virtualflybrain.org
L1CNS4274739	VFB_00100226	L1CNS	https://l1em.catmaid.virtualflybrain.org
L1CNS4271520	VFB_00101003	L1CNS https://l1em.catmaid.virtualflybrain.org
L1CNS4262163	VFB_00100634	L1CNS	https://l1em.catmaid.virtualflybrain.org
L1CNS4262160	VFB_00101076	L1CNS https://l1em.catmaid.virtualflybrain.org
L1CNS4247100	VFB_00100079	L1CNS	https://l1em.catmaid.virtualflybrain.org
L1CNS4242746	VFB_00100225	L1CNS https://l1em.catmaid.virtualflybrain.org
L1CNS4241238	VFB_00100224	L1CNS	https://l1em.catmaid.virtualflybrain.org
L1CNS4241193	VFB_00100223	L1CNS https://l1em.catmaid.virtualflybrain.org
L1CNS4235140	VFB_00100222	L1CNS	https://l1em.catmaid.virtualflybrain.org
L1CNS4234010	VFB_00100221	L1CNS https://l1em.catmaid.virtualflybrain.org
L1CNS4230740	VFB_00100220	L1CNS	https://l1em.catmaid.virtualflybrain.org
L1CNS4230062	VFB_00100219	L1CNS https://l1em.catmaid.virtualflybrain.org
L1CNS4227545	VFB_00100218	L1CNS	https://l1em.catmaid.virtualflybrain.org
L1CNS4227305	VFB_00100217	L1CNS https://l1em.catmaid.virtualflybrain.org
L1CNS4223189	VFB_00101109	L1CNS	https://l1em.catmaid.virtualflybrain.org
L1CNS4206756	VFB_00101108	L1CNS https://l1em.catmaid.virtualflybrain.org
L1CNS4195013	VFB_00100216	L1CNS	https://l1em.catmaid.virtualflybrain.org
L1CNS4179670	VFB_00100780	L1CNS https://l1em.catmaid.virtualflybrain.org
L1CNS4163235	VFB_00100633	L1CNS	https://l1em.catmaid.virtualflybrain.org
L1CNS4154422	VFB_00100215	L1CNS https://l1em.catmaid.virtualflybrain.org
L1CNS4152023	VFB_00100214	L1CNS	https://l1em.catmaid.virtualflybrain.org
L1CNS4139769	VFB_00100632	L1CNS https://l1em.catmaid.virtualflybrain.org
L1CNS4137843	VFB_00100078	L1CNS	https://l1em.catmaid.virtualflybrain.org
L1CNS4134669	VFB_00100213	L1CNS https://l1em.catmaid.virtualflybrain.org
L1CNS4134666	VFB_00100212	L1CNS	https://l1em.catmaid.virtualflybrain.org
L1CNS4119388	VFB_00100077	L1CNS https://l1em.catmaid.virtualflybrain.org
L1CNS4117791	VFB_00100631	L1CNS	https://l1em.catmaid.virtualflybrain.org
L1CNS4116175	VFB_00100076	L1CNS https://l1em.catmaid.virtualflybrain.org
L1CNS4114922	VFB_00101002	L1CNS	https://l1em.catmaid.virtualflybrain.org
L1CNS4108017	VFB_00100211	L1CNS https://l1em.catmaid.virtualflybrain.org
L1CNS4102845	VFB_00101075	L1CNS	https://l1em.catmaid.virtualflybrain.org
L1CNS4096367	VFB_00100704	L1CNS https://l1em.catmaid.virtualflybrain.org
L1CNS4081480	VFB_00100630	L1CNS	https://l1em.catmaid.virtualflybrain.org
L1CNS4076390	VFB_00100075	L1CNS https://l1em.catmaid.virtualflybrain.org
L1CNS4073354	VFB_00100074	L1CNS	https://l1em.catmaid.virtualflybrain.org
L1CNS4060629	VFB_00100629	L1CNS https://l1em.catmaid.virtualflybrain.org
L1CNS4050399	VFB_00101001	L1CNS	https://l1em.catmaid.virtualflybrain.org
L1CNS4022795	VFB_00100628	L1CNS https://l1em.catmaid.virtualflybrain.org
L1CNS4022541	VFB_00100210	L1CNS	https://l1em.catmaid.virtualflybrain.org
L1CNS40149	VFB_00100717	L1CNS https://l1em.catmaid.virtualflybrain.org
L1CNS40042	VFB_00100026	L1CNS	https://l1em.catmaid.virtualflybrain.org
L1CNS3995977	VFB_00101107	L1CNS https://l1em.catmaid.virtualflybrain.org
L1CNS3993292	VFB_00100073	L1CNS	https://l1em.catmaid.virtualflybrain.org
L1CNS3980316	VFB_00100072	L1CNS https://l1em.catmaid.virtualflybrain.org
L1CNS3979182	VFB_00100627	L1CNS	https://l1em.catmaid.virtualflybrain.org
L1CNS3963892	VFB_00100071	L1CNS https://l1em.catmaid.virtualflybrain.org
L1CNS3958235	VFB_00100070	L1CNS	https://l1em.catmaid.virtualflybrain.org
L1CNS3957605	VFB_00100626	L1CNS https://l1em.catmaid.virtualflybrain.org
L1CNS3954015	VFB_00100069	L1CNS	https://l1em.catmaid.virtualflybrain.org
L1CNS3952744	VFB_00100978	L1CNS https://l1em.catmaid.virtualflybrain.org
L1CNS3946433	VFB_00100779	L1CNS	https://l1em.catmaid.virtualflybrain.org
L1CNS3942270	VFB_00100977	L1CNS https://l1em.catmaid.virtualflybrain.org
L1CNS3931435	VFB_00100976	L1CNS	https://l1em.catmaid.virtualflybrain.org
L1CNS3915836	VFB_00100778	L1CNS https://l1em.catmaid.virtualflybrain.org
L1CNS3896630	VFB_00100068	L1CNS	https://l1em.catmaid.virtualflybrain.org
L1CNS3893196	VFB_00100067	L1CNS https://l1em.catmaid.virtualflybrain.org
L1CNS3890029	VFB_00100209	L1CNS	https://l1em.catmaid.virtualflybrain.org
L1CNS3886357	VFB_00100208	L1CNS https://l1em.catmaid.virtualflybrain.org
L1CNS3885216	VFB_00100066	L1CNS	https://l1em.catmaid.virtualflybrain.org
L1CNS3872654	VFB_00100065	L1CNS https://l1em.catmaid.virtualflybrain.org
L1CNS3865953	VFB_00100064	L1CNS	https://l1em.catmaid.virtualflybrain.org
L1CNS3863489	VFB_00100625	L1CNS https://l1em.catmaid.virtualflybrain.org
L1CNS3851373	VFB_00100063	L1CNS	https://l1em.catmaid.virtualflybrain.org
L1CNS3840346	VFB_00100062	L1CNS https://l1em.catmaid.virtualflybrain.org
L1CNS3827212	VFB_00100061	L1CNS	https://l1em.catmaid.virtualflybrain.org
L1CNS3819172	VFB_00100207	L1CNS https://l1em.catmaid.virtualflybrain.org
L1CNS3819158	VFB_00100206	L1CNS	https://l1em.catmaid.virtualflybrain.org
L1CNS3813724	VFB_00100060	L1CNS https://l1em.catmaid.virtualflybrain.org
L1CNS3813488	VFB_00100059	L1CNS	https://l1em.catmaid.virtualflybrain.org
L1CNS3806653	VFB_00100058	L1CNS https://l1em.catmaid.virtualflybrain.org
L1CNS3806574	VFB_00100057	L1CNS	https://l1em.catmaid.virtualflybrain.org
L1CNS3805642	VFB_00100056	L1CNS https://l1em.catmaid.virtualflybrain.org
L1CNS3795425	VFB_00100777	L1CNS	https://l1em.catmaid.virtualflybrain.org
L1CNS3792036	VFB_00100624	L1CNS https://l1em.catmaid.virtualflybrain.org
L1CNS3790005	VFB_00100055	L1CNS	https://l1em.catmaid.virtualflybrain.org
L1CNS3774569	VFB_00100054	L1CNS https://l1em.catmaid.virtualflybrain.org
L1CNS3771795	VFB_00100053	L1CNS	https://l1em.catmaid.virtualflybrain.org
L1CNS3768026	VFB_00100052	L1CNS https://l1em.catmaid.virtualflybrain.org
L1CNS3764793	VFB_00100623	L1CNS	https://l1em.catmaid.virtualflybrain.org
L1CNS3756660	VFB_00100205	L1CNS https://l1em.catmaid.virtualflybrain.org
L1CNS3736501	VFB_00100051	L1CNS	https://l1em.catmaid.virtualflybrain.org
L1CNS37362	VFB_00100522	L1CNS https://l1em.catmaid.virtualflybrain.org
L1CNS3722788	VFB_00100776	L1CNS	https://l1em.catmaid.virtualflybrain.org
L1CNS3716798	VFB_00100050	L1CNS https://l1em.catmaid.virtualflybrain.org
L1CNS3712894	VFB_00100049	L1CNS	https://l1em.catmaid.virtualflybrain.org
L1CNS3709978	VFB_00100204	L1CNS https://l1em.catmaid.virtualflybrain.org
L1CNS3708876	VFB_00100048	L1CNS	https://l1em.catmaid.virtualflybrain.org
L1CNS3694516	VFB_00100047	L1CNS https://l1em.catmaid.virtualflybrain.org
L1CNS3691222	VFB_00100203	L1CNS	https://l1em.catmaid.virtualflybrain.org
L1CNS3679412	VFB_00100202	L1CNS https://l1em.catmaid.virtualflybrain.org
L1CNS367873	VFB_00101095	L1CNS	https://l1em.catmaid.virtualflybrain.org
L1CNS3661594	VFB_00101106	L1CNS https://l1em.catmaid.virtualflybrain.org
L1CNS3641569	VFB_00101000	L1CNS	https://l1em.catmaid.virtualflybrain.org
L1CNS3613277	VFB_00100775	L1CNS https://l1em.catmaid.virtualflybrain.org
L1CNS3612559	VFB_00100774	L1CNS	https://l1em.catmaid.virtualflybrain.org
L1CNS360862	VFB_00100974	L1CNS https://l1em.catmaid.virtualflybrain.org
L1CNS360669	VFB_00100973	L1CNS	https://l1em.catmaid.virtualflybrain.org
L1CNS3598001	VFB_00100773	L1CNS https://l1em.catmaid.virtualflybrain.org
L1CNS3595838	VFB_00100772	L1CNS	https://l1em.catmaid.virtualflybrain.org
L1CNS3594706	VFB_00100771	L1CNS https://l1em.catmaid.virtualflybrain.org
L1CNS3592998	VFB_00100046	L1CNS	https://l1em.catmaid.virtualflybrain.org
L1CNS3587613	VFB_00100201	L1CNS https://l1em.catmaid.virtualflybrain.org
L1CNS3580923	VFB_00100200	L1CNS	https://l1em.catmaid.virtualflybrain.org
L1CNS3570509	VFB_00100199	L1CNS https://l1em.catmaid.virtualflybrain.org
L1CNS3561725	VFB_00100770	L1CNS	https://l1em.catmaid.virtualflybrain.org
L1CNS3547398	VFB_00100045	L1CNS https://l1em.catmaid.virtualflybrain.org
L1CNS3546335	VFB_00100622	L1CNS	https://l1em.catmaid.virtualflybrain.org
L1CNS3538130	VFB_00100044	L1CNS https://l1em.catmaid.virtualflybrain.org
L1CNS3523218	VFB_00100198	L1CNS	https://l1em.catmaid.virtualflybrain.org
L1CNS3522294	VFB_00100197	L1CNS https://l1em.catmaid.virtualflybrain.org
L1CNS3513767	VFB_00100621	L1CNS	https://l1em.catmaid.virtualflybrain.org
L1CNS3511997	VFB_00100043	L1CNS https://l1em.catmaid.virtualflybrain.org
L1CNS3497904	VFB_00100196	L1CNS	https://l1em.catmaid.virtualflybrain.org
L1CNS3486951	VFB_00100042	L1CNS https://l1em.catmaid.virtualflybrain.org
L1CNS3486382	VFB_00100041	L1CNS	https://l1em.catmaid.virtualflybrain.org
L1CNS3480832	VFB_00100040	L1CNS https://l1em.catmaid.virtualflybrain.org
L1CNS3468160	VFB_00100039	L1CNS	https://l1em.catmaid.virtualflybrain.org
L1CNS3464774	VFB_00100038	L1CNS https://l1em.catmaid.virtualflybrain.org
L1CNS3450752	VFB_00100195	L1CNS	https://l1em.catmaid.virtualflybrain.org
L1CNS3450443	VFB_00100037	L1CNS https://l1em.catmaid.virtualflybrain.org
L1CNS3436421	VFB_00100769	L1CNS	https://l1em.catmaid.virtualflybrain.org
L1CNS3420916	VFB_00100768	L1CNS https://l1em.catmaid.virtualflybrain.org
L1CNS3410513	VFB_00100036	L1CNS	https://l1em.catmaid.virtualflybrain.org
L1CNS3410507	VFB_00100035	L1CNS https://l1em.catmaid.virtualflybrain.org
L1CNS3380085	VFB_00101105	L1CNS	https://l1em.catmaid.virtualflybrain.org
L1CNS3365861	VFB_00100909	L1CNS https://l1em.catmaid.virtualflybrain.org
L1CNS3347709	VFB_00100194	L1CNS	https://l1em.catmaid.virtualflybrain.org
L1CNS3315002	VFB_00100767	L1CNS https://l1em.catmaid.virtualflybrain.org
L1CNS3304284	VFB_00100620	L1CNS	https://l1em.catmaid.virtualflybrain.org
L1CNS3299768	VFB_00100766	L1CNS https://l1em.catmaid.virtualflybrain.org
L1CNS3281685	VFB_00100765	L1CNS	https://l1em.catmaid.virtualflybrain.org
L1CNS3281616	VFB_00101074	L1CNS https://l1em.catmaid.virtualflybrain.org
L1CNS32801	VFB_00100592	L1CNS	https://l1em.catmaid.virtualflybrain.org
L1CNS3276004	VFB_00100764	L1CNS https://l1em.catmaid.virtualflybrain.org
L1CNS3234818	VFB_00100193	L1CNS	https://l1em.catmaid.virtualflybrain.org
L1CNS3192953	VFB_00100763	L1CNS https://l1em.catmaid.virtualflybrain.org
L1CNS3173038	VFB_00100619	L1CNS	https://l1em.catmaid.virtualflybrain.org
L1CNS3158544	VFB_00100034	L1CNS https://l1em.catmaid.virtualflybrain.org
L1CNS3158086	VFB_00100762	L1CNS	https://l1em.catmaid.virtualflybrain.org
L1CNS3091944	VFB_00100618	L1CNS https://l1em.catmaid.virtualflybrain.org
L1CNS3091625	VFB_00100617	L1CNS	https://l1em.catmaid.virtualflybrain.org
L1CNS3090350	VFB_00100616	L1CNS https://l1em.catmaid.virtualflybrain.org
L1CNS3074107	VFB_00100615	L1CNS	https://l1em.catmaid.virtualflybrain.org
L1CNS3056157	VFB_00101073	L1CNS https://l1em.catmaid.virtualflybrain.org
L1CNS3046504	VFB_00100761	L1CNS	https://l1em.catmaid.virtualflybrain.org
L1CNS3040478	VFB_00100614	L1CNS https://l1em.catmaid.virtualflybrain.org
L1CNS3040475	VFB_00100613	L1CNS	https://l1em.catmaid.virtualflybrain.org
L1CNS3037784	VFB_00100612	L1CNS https://l1em.catmaid.virtualflybrain.org
L1CNS2966609	VFB_00100192	L1CNS	https://l1em.catmaid.virtualflybrain.org
L1CNS2935199	VFB_00100760	L1CNS https://l1em.catmaid.virtualflybrain.org
L1CNS2935174	VFB_00100759	L1CNS	https://l1em.catmaid.virtualflybrain.org
L1CNS2933979	VFB_00101104	L1CNS https://l1em.catmaid.virtualflybrain.org
L1CNS2896541	VFB_00100758	L1CNS	https://l1em.catmaid.virtualflybrain.org
L1CNS2890760	VFB_00100611	L1CNS https://l1em.catmaid.virtualflybrain.org
L1CNS2862581	VFB_00100191	L1CNS	https://l1em.catmaid.virtualflybrain.org
L1CNS2816093	VFB_00100610	L1CNS https://l1em.catmaid.virtualflybrain.org
L1CNS2815573	VFB_00100757	L1CNS	https://l1em.catmaid.virtualflybrain.org
L1CNS2815510	VFB_00100756	L1CNS https://l1em.catmaid.virtualflybrain.org
L1CNS2815284	VFB_00100755	L1CNS	https://l1em.catmaid.virtualflybrain.org
L1CNS2775708	VFB_00100565	L1CNS https://l1em.catmaid.virtualflybrain.org
L1CNS2745673	VFB_00101103	L1CNS	https://l1em.catmaid.virtualflybrain.org
L1CNS2743339	VFB_00100609	L1CNS https://l1em.catmaid.virtualflybrain.org
L1CNS2725744	VFB_00100754	L1CNS	https://l1em.catmaid.virtualflybrain.org
L1CNS2693652	VFB_00101072	L1CNS https://l1em.catmaid.virtualflybrain.org
L1CNS2679036	VFB_00100753	L1CNS	https://l1em.catmaid.virtualflybrain.org
L1CNS2635424	VFB_00100752	L1CNS https://l1em.catmaid.virtualflybrain.org
L1CNS2632169	VFB_00100751	L1CNS	https://l1em.catmaid.virtualflybrain.org
L1CNS2622541	VFB_00100750	L1CNS https://l1em.catmaid.virtualflybrain.org
L1CNS2622503	VFB_00100749	L1CNS	https://l1em.catmaid.virtualflybrain.org
L1CNS2620300	VFB_00100748	L1CNS https://l1em.catmaid.virtualflybrain.org
L1CNS2619765	VFB_00100747	L1CNS	https://l1em.catmaid.virtualflybrain.org
L1CNS2613541	VFB_00100746	L1CNS https://l1em.catmaid.virtualflybrain.org
L1CNS2613533	VFB_00100745	L1CNS	https://l1em.catmaid.virtualflybrain.org
L1CNS2612528	VFB_00100033	L1CNS https://l1em.catmaid.virtualflybrain.org
L1CNS2611806	VFB_00100032	L1CNS	https://l1em.catmaid.virtualflybrain.org
L1CNS2608844	VFB_00100031	L1CNS https://l1em.catmaid.virtualflybrain.org
L1CNS26	VFB_00100186	L1CNS	https://l1em.catmaid.virtualflybrain.org
L1CNS2597152	VFB_00100744	L1CNS https://l1em.catmaid.virtualflybrain.org
L1CNS2584839	VFB_00100030	L1CNS	https://l1em.catmaid.virtualflybrain.org
L1CNS2583771	VFB_00101071	L1CNS https://l1em.catmaid.virtualflybrain.org
L1CNS2582392	VFB_00100029	L1CNS	https://l1em.catmaid.virtualflybrain.org
L1CNS2571762	VFB_00100028	L1CNS https://l1em.catmaid.virtualflybrain.org
L1CNS2568466	VFB_00100027	L1CNS	https://l1em.catmaid.virtualflybrain.org
L1CNS2541120	VFB_00100743	L1CNS https://l1em.catmaid.virtualflybrain.org
L1CNS2540477	VFB_00100742	L1CNS	https://l1em.catmaid.virtualflybrain.org
L1CNS2535125	VFB_00100741	L1CNS https://l1em.catmaid.virtualflybrain.org
L1CNS2528711	VFB_00100564	L1CNS	https://l1em.catmaid.virtualflybrain.org
L1CNS2528629	VFB_00100563	L1CNS https://l1em.catmaid.virtualflybrain.org
L1CNS2528621	VFB_00100562	L1CNS	https://l1em.catmaid.virtualflybrain.org
L1CNS2524757	VFB_00100561	L1CNS https://l1em.catmaid.virtualflybrain.org
L1CNS2512603	VFB_00100560	L1CNS	https://l1em.catmaid.virtualflybrain.org
L1CNS2506051	VFB_00100190	L1CNS https://l1em.catmaid.virtualflybrain.org
L1CNS2457598	VFB_00100608	L1CNS	https://l1em.catmaid.virtualflybrain.org
L1CNS2438197	VFB_00100740	L1CNS https://l1em.catmaid.virtualflybrain.org
L1CNS2436792	VFB_00100559	L1CNS	https://l1em.catmaid.virtualflybrain.org
L1CNS2370291	VFB_00101070	L1CNS https://l1em.catmaid.virtualflybrain.org
L1CNS2369445	VFB_00100739	L1CNS	https://l1em.catmaid.virtualflybrain.org
L1CNS2368378	VFB_00100607	L1CNS https://l1em.catmaid.virtualflybrain.org
L1CNS2354658	VFB_00100606	L1CNS	https://l1em.catmaid.virtualflybrain.org
L1CNS2349743	VFB_00100605	L1CNS https://l1em.catmaid.virtualflybrain.org
L1CNS2301631	VFB_00100558	L1CNS	https://l1em.catmaid.virtualflybrain.org
L1CNS2301628	VFB_00100189	L1CNS https://l1em.catmaid.virtualflybrain.org
L1CNS2260756	VFB_00100738	L1CNS	https://l1em.catmaid.virtualflybrain.org
L1CNS2240356	VFB_00100737	L1CNS https://l1em.catmaid.virtualflybrain.org
L1CNS2240256	VFB_00100736	L1CNS	https://l1em.catmaid.virtualflybrain.org
L1CNS2237150	VFB_00100557	L1CNS https://l1em.catmaid.virtualflybrain.org
L1CNS2216446	VFB_00100556	L1CNS	https://l1em.catmaid.virtualflybrain.org
L1CNS2216188	VFB_00100555	L1CNS https://l1em.catmaid.virtualflybrain.org
L1CNS2216132	VFB_00100554	L1CNS	https://l1em.catmaid.virtualflybrain.org
L1CNS2215623	VFB_00100553	L1CNS https://l1em.catmaid.virtualflybrain.org
L1CNS2215448	VFB_00100552	L1CNS	https://l1em.catmaid.virtualflybrain.org
L1CNS2215248	VFB_00100551	L1CNS https://l1em.catmaid.virtualflybrain.org
L1CNS2213030	VFB_00100550	L1CNS	https://l1em.catmaid.virtualflybrain.org
L1CNS2211700	VFB_00100549	L1CNS https://l1em.catmaid.virtualflybrain.org
L1CNS2209092	VFB_00100548	L1CNS	https://l1em.catmaid.virtualflybrain.org
L1CNS2208921	VFB_00100547	L1CNS https://l1em.catmaid.virtualflybrain.org
L1CNS2206280	VFB_00100546	L1CNS	https://l1em.catmaid.virtualflybrain.org
L1CNS2204468	VFB_00100545	L1CNS https://l1em.catmaid.virtualflybrain.org
L1CNS2200809	VFB_00100544	L1CNS	https://l1em.catmaid.virtualflybrain.org
L1CNS2200029	VFB_00100543	L1CNS https://l1em.catmaid.virtualflybrain.org
L1CNS2156260	VFB_00100735	L1CNS	https://l1em.catmaid.virtualflybrain.org
L1CNS2147974	VFB_00100734	L1CNS https://l1em.catmaid.virtualflybrain.org
L1CNS2147244	VFB_00100733	L1CNS	https://l1em.catmaid.virtualflybrain.org
L1CNS2141153	VFB_00100732	L1CNS https://l1em.catmaid.virtualflybrain.org
L1CNS2138430	VFB_00100731	L1CNS	https://l1em.catmaid.virtualflybrain.org
L1CNS210597	VFB_00101062	L1CNS https://l1em.catmaid.virtualflybrain.org
L1CNS210250	VFB_00100595	L1CNS	https://l1em.catmaid.virtualflybrain.org
L1CNS20208	VFB_00100972	L1CNS https://l1em.catmaid.virtualflybrain.org
L1CNS19912141	VFB_00100908	L1CNS	https://l1em.catmaid.virtualflybrain.org
L1CNS1931982	VFB_00100975	L1CNS https://l1em.catmaid.virtualflybrain.org
L1CNS1923550	VFB_00100604	L1CNS	https://l1em.catmaid.virtualflybrain.org
L1CNS19120854	VFB_00100907	L1CNS https://l1em.catmaid.virtualflybrain.org
L1CNS1902900	VFB_00100542	L1CNS	https://l1em.catmaid.virtualflybrain.org
L1CNS18981221	VFB_00101094	L1CNS https://l1em.catmaid.virtualflybrain.org
L1CNS1872624	VFB_00100188	L1CNS	https://l1em.catmaid.virtualflybrain.org
L1CNS18695580	VFB_00100999	L1CNS https://l1em.catmaid.virtualflybrain.org
L1CNS18694052	VFB_00100998	L1CNS	https://l1em.catmaid.virtualflybrain.org
L1CNS18684929	VFB_00100997	L1CNS https://l1em.catmaid.virtualflybrain.org
L1CNS18520223	VFB_00100906	L1CNS	https://l1em.catmaid.virtualflybrain.org
L1CNS18514165	VFB_00101061	L1CNS https://l1em.catmaid.virtualflybrain.org
L1CNS18508516	VFB_00101130	L1CNS	https://l1em.catmaid.virtualflybrain.org
L1CNS18507413	VFB_00100971	L1CNS https://l1em.catmaid.virtualflybrain.org
L1CNS18461989	VFB_00100905	L1CNS	https://l1em.catmaid.virtualflybrain.org
L1CNS18427864	VFB_00100970	L1CNS https://l1em.catmaid.virtualflybrain.org
L1CNS18339059	VFB_00100996	L1CNS	https://l1em.catmaid.virtualflybrain.org
L1CNS18322844	VFB_00101093	L1CNS https://l1em.catmaid.virtualflybrain.org
L1CNS18303101	VFB_00100995	L1CNS	https://l1em.catmaid.virtualflybrain.org
L1CNS1829226	VFB_00100541	L1CNS https://l1em.catmaid.virtualflybrain.org
L1CNS18202033	VFB_00100994	L1CNS	https://l1em.catmaid.virtualflybrain.org
L1CNS18189978	VFB_00100993	L1CNS https://l1em.catmaid.virtualflybrain.org
L1CNS18181777	VFB_00100992	L1CNS	https://l1em.catmaid.virtualflybrain.org
L1CNS1816103	VFB_00100540	L1CNS https://l1em.catmaid.virtualflybrain.org
L1CNS1807567	VFB_00100539	L1CNS	https://l1em.catmaid.virtualflybrain.org
L1CNS18028398	VFB_00100521	L1CNS https://l1em.catmaid.virtualflybrain.org
L1CNS17884300	VFB_00100520	L1CNS	https://l1em.catmaid.virtualflybrain.org
L1CNS17872155	VFB_00101129	L1CNS https://l1em.catmaid.virtualflybrain.org
L1CNS17844901	VFB_00100185	L1CNS	https://l1em.catmaid.virtualflybrain.org
L1CNS17693221	VFB_00101092	L1CNS https://l1em.catmaid.virtualflybrain.org
L1CNS17641914	VFB_00100904	L1CNS	https://l1em.catmaid.virtualflybrain.org
L1CNS17545696	VFB_00100184	L1CNS https://l1em.catmaid.virtualflybrain.org
L1CNS17476976	VFB_00100519	L1CNS	https://l1em.catmaid.virtualflybrain.org
L1CNS17476965	VFB_00100518	L1CNS https://l1em.catmaid.virtualflybrain.org
L1CNS17476935	VFB_00100517	L1CNS	https://l1em.catmaid.virtualflybrain.org
L1CNS17476921	VFB_00100516	L1CNS https://l1em.catmaid.virtualflybrain.org
L1CNS17476917	VFB_00100515	L1CNS	https://l1em.catmaid.virtualflybrain.org
L1CNS17476874	VFB_00100514	L1CNS https://l1em.catmaid.virtualflybrain.org
L1CNS17454964	VFB_00100513	L1CNS	https://l1em.catmaid.virtualflybrain.org
L1CNS17434826	VFB_00100512	L1CNS https://l1em.catmaid.virtualflybrain.org
L1CNS17414716	VFB_00100591	L1CNS	https://l1em.catmaid.virtualflybrain.org
L1CNS17355758	VFB_00100511	L1CNS https://l1em.catmaid.virtualflybrain.org
L1CNS17295913	VFB_00100510	L1CNS	https://l1em.catmaid.virtualflybrain.org
L1CNS1716789	VFB_00101069	L1CNS https://l1em.catmaid.virtualflybrain.org
L1CNS17147699	VFB_00100509	L1CNS	https://l1em.catmaid.virtualflybrain.org
L1CNS17147411	VFB_00100508	L1CNS https://l1em.catmaid.virtualflybrain.org
L1CNS17114294	VFB_00100969	L1CNS	https://l1em.catmaid.virtualflybrain.org
L1CNS1711077	VFB_00100730	L1CNS https://l1em.catmaid.virtualflybrain.org
L1CNS17077343	VFB_00100968	L1CNS	https://l1em.catmaid.virtualflybrain.org
L1CNS17068731	VFB_00100183	L1CNS https://l1em.catmaid.virtualflybrain.org
L1CNS1706717	VFB_00100729	L1CNS	https://l1em.catmaid.virtualflybrain.org
L1CNS17016975	VFB_00100507	L1CNS https://l1em.catmaid.virtualflybrain.org
L1CNS17013074	VFB_00100506	L1CNS	https://l1em.catmaid.virtualflybrain.org
L1CNS16977882	VFB_00100505	L1CNS https://l1em.catmaid.virtualflybrain.org
L1CNS16939376	VFB_00100504	L1CNS	https://l1em.catmaid.virtualflybrain.org
L1CNS1690664	VFB_00101102	L1CNS https://l1em.catmaid.virtualflybrain.org
L1CNS1690577	VFB_00100603	L1CNS	https://l1em.catmaid.virtualflybrain.org
L1CNS16883910	VFB_00100503	L1CNS https://l1em.catmaid.virtualflybrain.org
L1CNS16868924	VFB_00100502	L1CNS	https://l1em.catmaid.virtualflybrain.org
L1CNS16850889	VFB_00100501	L1CNS https://l1em.catmaid.virtualflybrain.org
L1CNS16846806	VFB_00100500	L1CNS	https://l1em.catmaid.virtualflybrain.org
L1CNS16797673	VFB_00100499	L1CNS https://l1em.catmaid.virtualflybrain.org
L1CNS16795839	VFB_00100182	L1CNS	https://l1em.catmaid.virtualflybrain.org
L1CNS16795525	VFB_00100181	L1CNS https://l1em.catmaid.virtualflybrain.org
L1CNS16782831	VFB_00100498	L1CNS	https://l1em.catmaid.virtualflybrain.org
L1CNS16735587	VFB_00100180	L1CNS https://l1em.catmaid.virtualflybrain.org
L1CNS16720241	VFB_00100497	L1CNS	https://l1em.catmaid.virtualflybrain.org
L1CNS16631249	VFB_00100496	L1CNS https://l1em.catmaid.virtualflybrain.org
L1CNS16631223	VFB_00100495	L1CNS	https://l1em.catmaid.virtualflybrain.org
L1CNS16631115	VFB_00100494	L1CNS https://l1em.catmaid.virtualflybrain.org
L1CNS16630942	VFB_00100493	L1CNS	https://l1em.catmaid.virtualflybrain.org
L1CNS16630386	VFB_00100492	L1CNS https://l1em.catmaid.virtualflybrain.org
L1CNS16630265	VFB_00100491	L1CNS	https://l1em.catmaid.virtualflybrain.org
L1CNS16630025	VFB_00100490	L1CNS https://l1em.catmaid.virtualflybrain.org
L1CNS16629932	VFB_00100489	L1CNS	https://l1em.catmaid.virtualflybrain.org
L1CNS16629789	VFB_00100488	L1CNS https://l1em.catmaid.virtualflybrain.org
L1CNS16629758	VFB_00100487	L1CNS	https://l1em.catmaid.virtualflybrain.org
L1CNS16628001	VFB_00100486	L1CNS https://l1em.catmaid.virtualflybrain.org
L1CNS16627951	VFB_00100485	L1CNS	https://l1em.catmaid.virtualflybrain.org
L1CNS16627862	VFB_00100484	L1CNS https://l1em.catmaid.virtualflybrain.org
L1CNS16627839	VFB_00100483	L1CNS	https://l1em.catmaid.virtualflybrain.org
L1CNS16627774	VFB_00100482	L1CNS https://l1em.catmaid.virtualflybrain.org
L1CNS16625433	VFB_00100481	L1CNS	https://l1em.catmaid.virtualflybrain.org
L1CNS16621865	VFB_00100179	L1CNS https://l1em.catmaid.virtualflybrain.org
L1CNS16605708	VFB_00100991	L1CNS	https://l1em.catmaid.virtualflybrain.org
L1CNS16575804	VFB_00100903	L1CNS https://l1em.catmaid.virtualflybrain.org
L1CNS16515872	VFB_00100178	L1CNS	https://l1em.catmaid.virtualflybrain.org
L1CNS16485080	VFB_00100480	L1CNS https://l1em.catmaid.virtualflybrain.org
L1CNS16464615	VFB_00100479	L1CNS	https://l1em.catmaid.virtualflybrain.org
L1CNS16448984	VFB_00100478	L1CNS https://l1em.catmaid.virtualflybrain.org
L1CNS16448980	VFB_00100477	L1CNS	https://l1em.catmaid.virtualflybrain.org
L1CNS16448972	VFB_00100476	L1CNS https://l1em.catmaid.virtualflybrain.org
L1CNS16448968	VFB_00100475	L1CNS	https://l1em.catmaid.virtualflybrain.org
L1CNS16448955	VFB_00100474	L1CNS https://l1em.catmaid.virtualflybrain.org
L1CNS16448935	VFB_00100473	L1CNS	https://l1em.catmaid.virtualflybrain.org
L1CNS16448931	VFB_00100472	L1CNS https://l1em.catmaid.virtualflybrain.org
L1CNS16448927	VFB_00100471	L1CNS	https://l1em.catmaid.virtualflybrain.org
L1CNS16444328	VFB_00100470	L1CNS https://l1em.catmaid.virtualflybrain.org
L1CNS16443748	VFB_00100469	L1CNS	https://l1em.catmaid.virtualflybrain.org
L1CNS16443549	VFB_00100468	L1CNS https://l1em.catmaid.virtualflybrain.org
L1CNS16443545	VFB_00100467	L1CNS	https://l1em.catmaid.virtualflybrain.org
L1CNS16443537	VFB_00100466	L1CNS https://l1em.catmaid.virtualflybrain.org
L1CNS16443533	VFB_00100465	L1CNS	https://l1em.catmaid.virtualflybrain.org
L1CNS16442345	VFB_00100902	L1CNS https://l1em.catmaid.virtualflybrain.org
L1CNS16440705	VFB_00100464	L1CNS	https://l1em.catmaid.virtualflybrain.org
L1CNS16440650	VFB_00100463	L1CNS https://l1em.catmaid.virtualflybrain.org
L1CNS16438191	VFB_00100462	L1CNS	https://l1em.catmaid.virtualflybrain.org
L1CNS16435966	VFB_00100461	L1CNS https://l1em.catmaid.virtualflybrain.org
L1CNS16435407	VFB_00100460	L1CNS	https://l1em.catmaid.virtualflybrain.org
L1CNS16418095	VFB_00100990	L1CNS https://l1em.catmaid.virtualflybrain.org
L1CNS16353833	VFB_00100459	L1CNS	https://l1em.catmaid.virtualflybrain.org
L1CNS16314354	VFB_00101060	L1CNS https://l1em.catmaid.virtualflybrain.org
L1CNS16312926	VFB_00101128	L1CNS	https://l1em.catmaid.virtualflybrain.org
L1CNS16311521	VFB_00101127	L1CNS https://l1em.catmaid.virtualflybrain.org
L1CNS16311503	VFB_00101126	L1CNS	https://l1em.catmaid.virtualflybrain.org
L1CNS16310626	VFB_00100716	L1CNS https://l1em.catmaid.virtualflybrain.org
L1CNS16306344	VFB_00100989	L1CNS	https://l1em.catmaid.virtualflybrain.org
L1CNS16274374	VFB_00100967	L1CNS https://l1em.catmaid.virtualflybrain.org
L1CNS16267293	VFB_00100590	L1CNS	https://l1em.catmaid.virtualflybrain.org
L1CNS16259596	VFB_00100177	L1CNS https://l1em.catmaid.virtualflybrain.org
L1CNS16240570	VFB_00100458	L1CNS	https://l1em.catmaid.virtualflybrain.org
L1CNS16233067	VFB_00101059	L1CNS https://l1em.catmaid.virtualflybrain.org
L1CNS162290	VFB_00100594	L1CNS	https://l1em.catmaid.virtualflybrain.org
L1CNS16223538	VFB_00100457	L1CNS https://l1em.catmaid.virtualflybrain.org
L1CNS16220043	VFB_00100456	L1CNS	https://l1em.catmaid.virtualflybrain.org
L1CNS16210989	VFB_00100455	L1CNS https://l1em.catmaid.virtualflybrain.org
L1CNS16178284	VFB_00100454	L1CNS	https://l1em.catmaid.virtualflybrain.org
L1CNS16145457	VFB_00100453	L1CNS https://l1em.catmaid.virtualflybrain.org
L1CNS16100982	VFB_00100988	L1CNS	https://l1em.catmaid.virtualflybrain.org
L1CNS16087800	VFB_00100589	L1CNS https://l1em.catmaid.virtualflybrain.org
L1CNS16066986	VFB_00100966	L1CNS	https://l1em.catmaid.virtualflybrain.org
L1CNS16058861	VFB_00100452	L1CNS https://l1em.catmaid.virtualflybrain.org
L1CNS16054241	VFB_00100451	L1CNS	https://l1em.catmaid.virtualflybrain.org
L1CNS16053671	VFB_00100450	L1CNS https://l1em.catmaid.virtualflybrain.org
L1CNS16053651	VFB_00100449	L1CNS	https://l1em.catmaid.virtualflybrain.org
L1CNS16042165	VFB_00101058	L1CNS https://l1em.catmaid.virtualflybrain.org
L1CNS16039471	VFB_00100448	L1CNS	https://l1em.catmaid.virtualflybrain.org
L1CNS16026043	VFB_00100447	L1CNS https://l1em.catmaid.virtualflybrain.org
L1CNS16017114	VFB_00100446	L1CNS	https://l1em.catmaid.virtualflybrain.org
L1CNS16015739	VFB_00100445	L1CNS https://l1em.catmaid.virtualflybrain.org
L1CNS16009773	VFB_00101057	L1CNS	https://l1em.catmaid.virtualflybrain.org
L1CNS15998754	VFB_00100901	L1CNS https://l1em.catmaid.virtualflybrain.org
L1CNS15997667	VFB_00100900	L1CNS	https://l1em.catmaid.virtualflybrain.org
L1CNS15995930	VFB_00100899	L1CNS https://l1em.catmaid.virtualflybrain.org
L1CNS15995075	VFB_00100444	L1CNS	https://l1em.catmaid.virtualflybrain.org
L1CNS15939180	VFB_00100443	L1CNS https://l1em.catmaid.virtualflybrain.org
L1CNS15939131	VFB_00100442	L1CNS	https://l1em.catmaid.virtualflybrain.org
L1CNS159277	VFB_00100593	L1CNS https://l1em.catmaid.virtualflybrain.org
L1CNS15892038	VFB_00100987	L1CNS	https://l1em.catmaid.virtualflybrain.org
L1CNS15879189	VFB_00101056	L1CNS https://l1em.catmaid.virtualflybrain.org
L1CNS15861525	VFB_00100441	L1CNS	https://l1em.catmaid.virtualflybrain.org
L1CNS15828094	VFB_00100440	L1CNS https://l1em.catmaid.virtualflybrain.org
L1CNS15810984	VFB_00100439	L1CNS	https://l1em.catmaid.virtualflybrain.org
L1CNS15788432	VFB_00100438	L1CNS https://l1em.catmaid.virtualflybrain.org
L1CNS15788420	VFB_00100437	L1CNS	https://l1em.catmaid.virtualflybrain.org
L1CNS15770905	VFB_00100898	L1CNS https://l1em.catmaid.virtualflybrain.org
L1CNS15770033	VFB_00100897	L1CNS	https://l1em.catmaid.virtualflybrain.org
L1CNS15769681	VFB_00100896	L1CNS https://l1em.catmaid.virtualflybrain.org
L1CNS15769420	VFB_00100895	L1CNS	https://l1em.catmaid.virtualflybrain.org
L1CNS15764961	VFB_00100436	L1CNS https://l1em.catmaid.virtualflybrain.org
L1CNS15741952	VFB_00100435	L1CNS	https://l1em.catmaid.virtualflybrain.org
L1CNS15741783	VFB_00100434	L1CNS https://l1em.catmaid.virtualflybrain.org
L1CNS15734989	VFB_00100433	L1CNS	https://l1em.catmaid.virtualflybrain.org
L1CNS15734667	VFB_00100432	L1CNS https://l1em.catmaid.virtualflybrain.org
L1CNS15722868	VFB_00100431	L1CNS	https://l1em.catmaid.virtualflybrain.org
L1CNS15722307	VFB_00100430	L1CNS https://l1em.catmaid.virtualflybrain.org
L1CNS15721920	VFB_00100429	L1CNS	https://l1em.catmaid.virtualflybrain.org
L1CNS15691123	VFB_00100428	L1CNS https://l1em.catmaid.virtualflybrain.org
L1CNS15691119	VFB_00100427	L1CNS	https://l1em.catmaid.virtualflybrain.org
L1CNS15691115	VFB_00100426	L1CNS https://l1em.catmaid.virtualflybrain.org
L1CNS15625866	VFB_00101055	L1CNS	https://l1em.catmaid.virtualflybrain.org
L1CNS15617306	VFB_00100425	L1CNS https://l1em.catmaid.virtualflybrain.org
L1CNS15592097	VFB_00100424	L1CNS	https://l1em.catmaid.virtualflybrain.org
L1CNS15575328	VFB_00100894	L1CNS https://l1em.catmaid.virtualflybrain.org
L1CNS15574329	VFB_00100893	L1CNS	https://l1em.catmaid.virtualflybrain.org
L1CNS15574232	VFB_00100892	L1CNS https://l1em.catmaid.virtualflybrain.org
L1CNS15573451	VFB_00100891	L1CNS	https://l1em.catmaid.virtualflybrain.org
L1CNS15573397	VFB_00100890	L1CNS https://l1em.catmaid.virtualflybrain.org
L1CNS15572415	VFB_00100889	L1CNS	https://l1em.catmaid.virtualflybrain.org
L1CNS15571195	VFB_00100423	L1CNS https://l1em.catmaid.virtualflybrain.org
L1CNS15565588	VFB_00100965	L1CNS	https://l1em.catmaid.virtualflybrain.org
L1CNS15564808	VFB_00100888	L1CNS https://l1em.catmaid.virtualflybrain.org
L1CNS15564783	VFB_00100887	L1CNS	https://l1em.catmaid.virtualflybrain.org
L1CNS15564707	VFB_00100886	L1CNS https://l1em.catmaid.virtualflybrain.org
L1CNS15562138	VFB_00100885	L1CNS	https://l1em.catmaid.virtualflybrain.org
L1CNS15551561	VFB_00101054	L1CNS https://l1em.catmaid.virtualflybrain.org
L1CNS15543069	VFB_00100884	L1CNS	https://l1em.catmaid.virtualflybrain.org
L1CNS15541977	VFB_00100883	L1CNS https://l1em.catmaid.virtualflybrain.org
L1CNS15541945	VFB_00100882	L1CNS	https://l1em.catmaid.virtualflybrain.org
L1CNS15532106	VFB_00100881	L1CNS https://l1em.catmaid.virtualflybrain.org
L1CNS15506095	VFB_00100880	L1CNS	https://l1em.catmaid.virtualflybrain.org
L1CNS15505126	VFB_00101053	L1CNS https://l1em.catmaid.virtualflybrain.org
L1CNS15504377	VFB_00100964	L1CNS	https://l1em.catmaid.virtualflybrain.org
L1CNS15504370	VFB_00100963	L1CNS https://l1em.catmaid.virtualflybrain.org
L1CNS15421364	VFB_00100422	L1CNS	https://l1em.catmaid.virtualflybrain.org
L1CNS15404208	VFB_00100421	L1CNS https://l1em.catmaid.virtualflybrain.org
L1CNS15398731	VFB_00100420	L1CNS	https://l1em.catmaid.virtualflybrain.org
L1CNS15351531	VFB_00101052	L1CNS https://l1em.catmaid.virtualflybrain.org
L1CNS15253922	VFB_00100419	L1CNS	https://l1em.catmaid.virtualflybrain.org
L1CNS15242800	VFB_00100879	L1CNS https://l1em.catmaid.virtualflybrain.org
L1CNS15202264	VFB_00100878	L1CNS	https://l1em.catmaid.virtualflybrain.org
L1CNS1501517	VFB_00100602	L1CNS https://l1em.catmaid.virtualflybrain.org
L1CNS14981211	VFB_00100418	L1CNS	https://l1em.catmaid.virtualflybrain.org
L1CNS14913094	VFB_00100962	L1CNS https://l1em.catmaid.virtualflybrain.org
L1CNS14899173	VFB_00101091	L1CNS	https://l1em.catmaid.virtualflybrain.org
L1CNS14898817	VFB_00100417	L1CNS https://l1em.catmaid.virtualflybrain.org
L1CNS14898296	VFB_00100416	L1CNS	https://l1em.catmaid.virtualflybrain.org
L1CNS14795311	VFB_00100877	L1CNS https://l1em.catmaid.virtualflybrain.org
L1CNS14795008	VFB_00101090	L1CNS	https://l1em.catmaid.virtualflybrain.org
L1CNS14728551	VFB_00100876	L1CNS https://l1em.catmaid.virtualflybrain.org
L1CNS14642309	VFB_00101125	L1CNS	https://l1em.catmaid.virtualflybrain.org
L1CNS14604029	VFB_00100176	L1CNS https://l1em.catmaid.virtualflybrain.org
L1CNS14573137	VFB_00101051	L1CNS	https://l1em.catmaid.virtualflybrain.org
L1CNS14547260	VFB_00100415	L1CNS https://l1em.catmaid.virtualflybrain.org
L1CNS14541928	VFB_00100414	L1CNS	https://l1em.catmaid.virtualflybrain.org
L1CNS14522125	VFB_00100413	L1CNS https://l1em.catmaid.virtualflybrain.org
L1CNS14519049	VFB_00100412	L1CNS	https://l1em.catmaid.virtualflybrain.org
L1CNS14517692	VFB_00100175	L1CNS https://l1em.catmaid.virtualflybrain.org
L1CNS14493980	VFB_00101050	L1CNS	https://l1em.catmaid.virtualflybrain.org
L1CNS14472973	VFB_00100986	L1CNS https://l1em.catmaid.virtualflybrain.org
L1CNS14460114	VFB_00100411	L1CNS	https://l1em.catmaid.virtualflybrain.org
L1CNS14437743	VFB_00100174	L1CNS https://l1em.catmaid.virtualflybrain.org
L1CNS1435467	VFB_00100728	L1CNS	https://l1em.catmaid.virtualflybrain.org
L1CNS14319961	VFB_00100410	L1CNS https://l1em.catmaid.virtualflybrain.org
L1CNS1429970	VFB_00100727	L1CNS	https://l1em.catmaid.virtualflybrain.org
L1CNS1428272	VFB_00100726	L1CNS https://l1em.catmaid.virtualflybrain.org
L1CNS14255343	VFB_00100409	L1CNS	https://l1em.catmaid.virtualflybrain.org
L1CNS14201008	VFB_00101049	L1CNS https://l1em.catmaid.virtualflybrain.org
L1CNS14198376	VFB_00101048	L1CNS	https://l1em.catmaid.virtualflybrain.org
L1CNS14194027	VFB_00101047	L1CNS https://l1em.catmaid.virtualflybrain.org
L1CNS14154155	VFB_00100173	L1CNS	https://l1em.catmaid.virtualflybrain.org
L1CNS1414207	VFB_00100725	L1CNS https://l1em.catmaid.virtualflybrain.org
L1CNS14082323	VFB_00100408	L1CNS	https://l1em.catmaid.virtualflybrain.org
L1CNS1406464	VFB_00100724	L1CNS https://l1em.catmaid.virtualflybrain.org
L1CNS1405494	VFB_00100723	L1CNS	https://l1em.catmaid.virtualflybrain.org
L1CNS14046473	VFB_00100961	L1CNS https://l1em.catmaid.virtualflybrain.org
L1CNS14046465	VFB_00100960	L1CNS	https://l1em.catmaid.virtualflybrain.org
L1CNS14046295	VFB_00100959	L1CNS https://l1em.catmaid.virtualflybrain.org
L1CNS14046280	VFB_00100958	L1CNS	https://l1em.catmaid.virtualflybrain.org
L1CNS14046246	VFB_00100957	L1CNS https://l1em.catmaid.virtualflybrain.org
L1CNS1401062	VFB_00101101	L1CNS	https://l1em.catmaid.virtualflybrain.org
L1CNS1400918	VFB_00101100	L1CNS https://l1em.catmaid.virtualflybrain.org
L1CNS1398328	VFB_00100601	L1CNS	https://l1em.catmaid.virtualflybrain.org
L1CNS1398261	VFB_00100600	L1CNS https://l1em.catmaid.virtualflybrain.org
L1CNS1398254	VFB_00100722	L1CNS	https://l1em.catmaid.virtualflybrain.org
L1CNS1395972	VFB_00100721	L1CNS https://l1em.catmaid.virtualflybrain.org
L1CNS1395101	VFB_00101068	L1CNS	https://l1em.catmaid.virtualflybrain.org
L1CNS13885985	VFB_00101046	L1CNS https://l1em.catmaid.virtualflybrain.org
L1CNS13885024	VFB_00100985	L1CNS	https://l1em.catmaid.virtualflybrain.org
L1CNS13884217	VFB_00101045	L1CNS https://l1em.catmaid.virtualflybrain.org
L1CNS13883896	VFB_00101044	L1CNS	https://l1em.catmaid.virtualflybrain.org
L1CNS13883599	VFB_00101043	L1CNS https://l1em.catmaid.virtualflybrain.org
L1CNS13882193	VFB_00101042	L1CNS	https://l1em.catmaid.virtualflybrain.org
L1CNS13881811	VFB_00101041	L1CNS https://l1em.catmaid.virtualflybrain.org
L1CNS13881375	VFB_00101040	L1CNS	https://l1em.catmaid.virtualflybrain.org
L1CNS13880944	VFB_00100984	L1CNS https://l1em.catmaid.virtualflybrain.org
L1CNS13877720	VFB_00101039	L1CNS	https://l1em.catmaid.virtualflybrain.org
L1CNS13877403	VFB_00101038	L1CNS https://l1em.catmaid.virtualflybrain.org
L1CNS13877014	VFB_00101037	L1CNS	https://l1em.catmaid.virtualflybrain.org
L1CNS13876817	VFB_00101036	L1CNS https://l1em.catmaid.virtualflybrain.org
L1CNS13875539	VFB_00101035	L1CNS	https://l1em.catmaid.virtualflybrain.org
L1CNS13875212	VFB_00100983	L1CNS https://l1em.catmaid.virtualflybrain.org
L1CNS13874876	VFB_00101034	L1CNS	https://l1em.catmaid.virtualflybrain.org
L1CNS13874214	VFB_00100982	L1CNS https://l1em.catmaid.virtualflybrain.org
L1CNS13873398	VFB_00101033	L1CNS	https://l1em.catmaid.virtualflybrain.org
L1CNS13849558	VFB_00100172	L1CNS https://l1em.catmaid.virtualflybrain.org
L1CNS13803033	VFB_00100171	L1CNS	https://l1em.catmaid.virtualflybrain.org
L1CNS13793213	VFB_00100875	L1CNS https://l1em.catmaid.virtualflybrain.org
L1CNS13789483	VFB_00100407	L1CNS	https://l1em.catmaid.virtualflybrain.org
L1CNS1377587	VFB_00100720	L1CNS https://l1em.catmaid.virtualflybrain.org
L1CNS13775275	VFB_00101032	L1CNS	https://l1em.catmaid.virtualflybrain.org
L1CNS13751195	VFB_00100874	L1CNS https://l1em.catmaid.virtualflybrain.org
L1CNS13744426	VFB_00100873	L1CNS	https://l1em.catmaid.virtualflybrain.org
L1CNS1370786	VFB_00101067	L1CNS https://l1em.catmaid.virtualflybrain.org
L1CNS1367172	VFB_00100719	L1CNS	https://l1em.catmaid.virtualflybrain.org
L1CNS13671420	VFB_00101031	L1CNS https://l1em.catmaid.virtualflybrain.org
L1CNS1365253	VFB_00101066	L1CNS	https://l1em.catmaid.virtualflybrain.org
L1CNS13589252	VFB_00100170	L1CNS https://l1em.catmaid.virtualflybrain.org
L1CNS13581831	VFB_00100872	L1CNS	https://l1em.catmaid.virtualflybrain.org
L1CNS13545405	VFB_00100956	L1CNS https://l1em.catmaid.virtualflybrain.org
L1CNS13535388	VFB_00100871	L1CNS	https://l1em.catmaid.virtualflybrain.org
L1CNS13535381	VFB_00100870	L1CNS https://l1em.catmaid.virtualflybrain.org
L1CNS13522679	VFB_00100955	L1CNS	https://l1em.catmaid.virtualflybrain.org
L1CNS13429046	VFB_00100869	L1CNS https://l1em.catmaid.virtualflybrain.org
L1CNS1339401	VFB_00100599	L1CNS	https://l1em.catmaid.virtualflybrain.org
L1CNS13380661	VFB_00100169	L1CNS https://l1em.catmaid.virtualflybrain.org
L1CNS13302530	VFB_00100954	L1CNS	https://l1em.catmaid.virtualflybrain.org
L1CNS13124816	VFB_00100953	L1CNS https://l1em.catmaid.virtualflybrain.org
L1CNS13122057	VFB_00100025	L1CNS	https://l1em.catmaid.virtualflybrain.org
L1CNS13121968	VFB_00100952	L1CNS https://l1em.catmaid.virtualflybrain.org
L1CNS13095127	VFB_00100951	L1CNS	https://l1em.catmaid.virtualflybrain.org
L1CNS12990251	VFB_00101030	L1CNS https://l1em.catmaid.virtualflybrain.org
L1CNS12960218	VFB_00101029	L1CNS	https://l1em.catmaid.virtualflybrain.org
L1CNS12960080	VFB_00101028	L1CNS https://l1em.catmaid.virtualflybrain.org
L1CNS12949241	VFB_00100950	L1CNS	https://l1em.catmaid.virtualflybrain.org
L1CNS12948471	VFB_00100406	L1CNS https://l1em.catmaid.virtualflybrain.org
L1CNS12946336	VFB_00100698	L1CNS	https://l1em.catmaid.virtualflybrain.org
L1CNS12946255	VFB_00100949	L1CNS https://l1em.catmaid.virtualflybrain.org
L1CNS12944430	VFB_00100868	L1CNS	https://l1em.catmaid.virtualflybrain.org
L1CNS12920746	VFB_00100867	L1CNS https://l1em.catmaid.virtualflybrain.org
L1CNS12901481	VFB_00100948	L1CNS	https://l1em.catmaid.virtualflybrain.org
L1CNS12900706	VFB_00100947	L1CNS https://l1em.catmaid.virtualflybrain.org
L1CNS12873915	VFB_00100946	L1CNS	https://l1em.catmaid.virtualflybrain.org
L1CNS12873723	VFB_00100945	L1CNS https://l1em.catmaid.virtualflybrain.org
L1CNS12871994	VFB_00100405	L1CNS	https://l1em.catmaid.virtualflybrain.org
L1CNS12834796	VFB_00100944	L1CNS https://l1em.catmaid.virtualflybrain.org
L1CNS12824060	VFB_00100866	L1CNS	https://l1em.catmaid.virtualflybrain.org
L1CNS12820086	VFB_00100943	L1CNS https://l1em.catmaid.virtualflybrain.org
L1CNS12809924	VFB_00101027	L1CNS	https://l1em.catmaid.virtualflybrain.org
L1CNS12809875	VFB_00100942	L1CNS https://l1em.catmaid.virtualflybrain.org
L1CNS12809153	VFB_00100941	L1CNS	https://l1em.catmaid.virtualflybrain.org
L1CNS12805364	VFB_00100404	L1CNS https://l1em.catmaid.virtualflybrain.org
L1CNS12787697	VFB_00100940	L1CNS	https://l1em.catmaid.virtualflybrain.org
L1CNS12778087	VFB_00100939	L1CNS https://l1em.catmaid.virtualflybrain.org
L1CNS12767924	VFB_00101089	L1CNS	https://l1em.catmaid.virtualflybrain.org
L1CNS12726583	VFB_00100403	L1CNS https://l1em.catmaid.virtualflybrain.org
L1CNS12634155	VFB_00100865	L1CNS	https://l1em.catmaid.virtualflybrain.org
L1CNS12475433	VFB_00100402	L1CNS https://l1em.catmaid.virtualflybrain.org
L1CNS12468813	VFB_00101088	L1CNS	https://l1em.catmaid.virtualflybrain.org
L1CNS12292580	VFB_00101124	L1CNS https://l1em.catmaid.virtualflybrain.org
L1CNS12225667	VFB_00100168	L1CNS	https://l1em.catmaid.virtualflybrain.org
L1CNS12217573	VFB_00100401	L1CNS https://l1em.catmaid.virtualflybrain.org
L1CNS12156010	VFB_00100400	L1CNS	https://l1em.catmaid.virtualflybrain.org
L1CNS12140926	VFB_00100938	L1CNS https://l1em.catmaid.virtualflybrain.org
L1CNS12140588	VFB_00101123	L1CNS	https://l1em.catmaid.virtualflybrain.org
L1CNS12042431	VFB_00100864	L1CNS https://l1em.catmaid.virtualflybrain.org
L1CNS11992	VFB_00100700	L1CNS	https://l1em.catmaid.virtualflybrain.org
L1CNS11928390	VFB_00101026	L1CNS https://l1em.catmaid.virtualflybrain.org
L1CNS11874131	VFB_00100863	L1CNS	https://l1em.catmaid.virtualflybrain.org
L1CNS11868261	VFB_00100862	L1CNS https://l1em.catmaid.virtualflybrain.org
L1CNS11813288	VFB_00100399	L1CNS	https://l1em.catmaid.virtualflybrain.org
L1CNS11785628	VFB_00100398	L1CNS https://l1em.catmaid.virtualflybrain.org
L1CNS11734961	VFB_00100861	L1CNS	https://l1em.catmaid.virtualflybrain.org
L1CNS11725804	VFB_00100397	L1CNS https://l1em.catmaid.virtualflybrain.org
L1CNS11725128	VFB_00100396	L1CNS	https://l1em.catmaid.virtualflybrain.org
L1CNS11691641	VFB_00100395	L1CNS https://l1em.catmaid.virtualflybrain.org
L1CNS11691604	VFB_00100394	L1CNS	https://l1em.catmaid.virtualflybrain.org
L1CNS11578923	VFB_00101025	L1CNS https://l1em.catmaid.virtualflybrain.org
L1CNS11543213	VFB_00100167	L1CNS	https://l1em.catmaid.virtualflybrain.org
L1CNS11525715	VFB_00100393	L1CNS https://l1em.catmaid.virtualflybrain.org
L1CNS11524048	VFB_00100392	L1CNS	https://l1em.catmaid.virtualflybrain.org
L1CNS11517137	VFB_00100860	L1CNS https://l1em.catmaid.virtualflybrain.org
L1CNS11466248	VFB_00101024	L1CNS	https://l1em.catmaid.virtualflybrain.org
L1CNS11333055	VFB_00100391	L1CNS https://l1em.catmaid.virtualflybrain.org
L1CNS11291635	VFB_00100859	L1CNS	https://l1em.catmaid.virtualflybrain.org
L1CNS11291345	VFB_00100858	L1CNS https://l1em.catmaid.virtualflybrain.org
L1CNS11279245	VFB_00100166	L1CNS	https://l1em.catmaid.virtualflybrain.org
L1CNS1121744	VFB_00101099	L1CNS https://l1em.catmaid.virtualflybrain.org
L1CNS1115337	VFB_00101098	L1CNS	https://l1em.catmaid.virtualflybrain.org
L1CNS11121241	VFB_00100857	L1CNS https://l1em.catmaid.virtualflybrain.org
L1CNS11105183	VFB_00100165	L1CNS	https://l1em.catmaid.virtualflybrain.org
L1CNS11067380	VFB_00100390	L1CNS https://l1em.catmaid.virtualflybrain.org
L1CNS11051277	VFB_00100164	L1CNS	https://l1em.catmaid.virtualflybrain.org
L1CNS11017762	VFB_00100389	L1CNS https://l1em.catmaid.virtualflybrain.org
L1CNS11001	VFB_00100699	L1CNS	https://l1em.catmaid.virtualflybrain.org
L1CNS10990804	VFB_00100163	L1CNS https://l1em.catmaid.virtualflybrain.org
L1CNS10929872	VFB_00101023	L1CNS	https://l1em.catmaid.virtualflybrain.org
L1CNS10893104	VFB_00100697	L1CNS https://l1em.catmaid.virtualflybrain.org
L1CNS10885849	VFB_00100856	L1CNS	https://l1em.catmaid.virtualflybrain.org
L1CNS10868478	VFB_00100855	L1CNS https://l1em.catmaid.virtualflybrain.org
L1CNS10865026	VFB_00100162	L1CNS	https://l1em.catmaid.virtualflybrain.org
L1CNS10852876	VFB_00100854	L1CNS https://l1em.catmaid.virtualflybrain.org
L1CNS10831006	VFB_00100161	L1CNS	https://l1em.catmaid.virtualflybrain.org
L1CNS10804042	VFB_00100715	L1CNS https://l1em.catmaid.virtualflybrain.org
L1CNS10728319	VFB_00100853	L1CNS	https://l1em.catmaid.virtualflybrain.org
L1CNS10716081	VFB_00100852	L1CNS https://l1em.catmaid.virtualflybrain.org
L1CNS10673896	VFB_00100388	L1CNS	https://l1em.catmaid.virtualflybrain.org
L1CNS10563756	VFB_00100851	L1CNS https://l1em.catmaid.virtualflybrain.org
L1CNS10562192	VFB_00101022	L1CNS	https://l1em.catmaid.virtualflybrain.org
L1CNS10561899	VFB_00101021	L1CNS https://l1em.catmaid.virtualflybrain.org
L1CNS10555410	VFB_00100160	L1CNS	https://l1em.catmaid.virtualflybrain.org
L1CNS10492632	VFB_00100937	L1CNS https://l1em.catmaid.virtualflybrain.org
L1CNS10492186	VFB_00100936	L1CNS	https://l1em.catmaid.virtualflybrain.org
L1CNS10492060	VFB_00100935	L1CNS https://l1em.catmaid.virtualflybrain.org
L1CNS10474992	VFB_00100934	L1CNS	https://l1em.catmaid.virtualflybrain.org
L1CNS10459724	VFB_00100850	L1CNS https://l1em.catmaid.virtualflybrain.org
L1CNS10455235	VFB_00100387	L1CNS	https://l1em.catmaid.virtualflybrain.org
L1CNS10450308	VFB_00100386	L1CNS https://l1em.catmaid.virtualflybrain.org
L1CNS10418395	VFB_00100849	L1CNS	https://l1em.catmaid.virtualflybrain.org
L1CNS10413918	VFB_00101020	L1CNS https://l1em.catmaid.virtualflybrain.org
L1CNS10397675	VFB_00101019	L1CNS	https://l1em.catmaid.virtualflybrain.org
L1CNS10329209	VFB_00100848	L1CNS https://l1em.catmaid.virtualflybrain.org
L1CNS10290530	VFB_00100696	L1CNS	https://l1em.catmaid.virtualflybrain.org
L1CNS10273503	VFB_00100695	L1CNS https://l1em.catmaid.virtualflybrain.org
L1CNS10259968	VFB_00100385	L1CNS	https://l1em.catmaid.virtualflybrain.org
L1CNS10246567	VFB_00100384	L1CNS https://l1em.catmaid.virtualflybrain.org
L1CNS10241717	VFB_00100588	L1CNS	https://l1em.catmaid.virtualflybrain.org
L1CNS10227540	VFB_00100933	L1CNS https://l1em.catmaid.virtualflybrain.org
L1CNS10185586	VFB_00100024	L1CNS	https://l1em.catmaid.virtualflybrain.org
L1CNS10179502	VFB_00100694	L1CNS https://l1em.catmaid.virtualflybrain.org
L1CNS10169397	VFB_00100383	L1CNS	https://l1em.catmaid.virtualflybrain.org
L1CNS10167079	VFB_00100159	L1CNS https://l1em.catmaid.virtualflybrain.org
L1CNS10163419	VFB_00100382	L1CNS	https://l1em.catmaid.virtualflybrain.org
L1CNS10160251	VFB_00100381	L1CNS https://l1em.catmaid.virtualflybrain.org
L1CNS10158973	VFB_00100158	L1CNS	https://l1em.catmaid.virtualflybrain.org
L1CNS10152438	VFB_00101122	L1CNS https://l1em.catmaid.virtualflybrain.org
L1CNS10133526	VFB_00100932	L1CNS	https://l1em.catmaid.virtualflybrain.org
L1CNS10119917	VFB_00100847	L1CNS https://l1em.catmaid.virtualflybrain.org
L1CNS10110673	VFB_00100693	L1CNS	https://l1em.catmaid.virtualflybrain.org
L1CNS10110271	VFB_00100692	L1CNS https://l1em.catmaid.virtualflybrain.org
L1CNS10089446	VFB_00100931	L1CNS	https://l1em.catmaid.virtualflybrain.org
L1CNS10056281	VFB_00100380	L1CNS https://l1em.catmaid.virtualflybrain.org
L1CNS10053735	VFB_00100930	L1CNS	https://l1em.catmaid.virtualflybrain.org
L1CNS10053643	VFB_00101087	L1CNS https://l1em.catmaid.virtualflybrain.org
L1CNS10053305	VFB_00100929	L1CNS	https://l1em.catmaid.virtualflybrain.org
L1CNS10051928	VFB_00101018	L1CNS https://l1em.catmaid.virtualflybrain.org
L1CNS10021176	VFB_00101121	L1CNS	https://l1em.catmaid.virtualflybrain.org
L1CNS10017074	VFB_00100928	L1CNS https://l1em.catmaid.virtualflybrain.org
L1CNS10004244	VFB_00100927	L1CNS	https://l1em.catmaid.virtualflybrain.org